enrollment_id,student_id,course_id,term_code,grade_point,grade_letter,completion_status,feedback_rating,hours_per_week,engagement_score
ENR-00001,STU-0001,MAC-COMP-8110,2025W,3.20,B+,completed,3,10.2,0.56
ENR-00002,STU-0001,MAC-COMP-8470,2025S,3.26,B+,completed,3,9.3,0.45
ENR-00003,STU-0001,MAC-COMP-8250,2025S,2.64,B-,completed,4,13.0,0.67
ENR-00004,STU-0001,MAC-COMP-8220,2025S,3.31,A-,completed,3,9.8,0.61
ENR-00005,STU-0001,MAC-COMP-8150,2025S,3.37,A-,completed,3,9.7,0.58
ENR-00006,STU-0001,MAC-COMP-8340,2025F,2.75,B,completed,3,11.6,0.70
ENR-00007,STU-0001,MAC-BU-7600,2025F,3.44,A-,completed,5,13.0,0.54
ENR-00008,STU-0001,MAC-BU-7500,2025F,3.53,A-,completed,4,8.5,0.72
ENR-00009,STU-0001,MAC-BU-7700,2026W,3.38,A-,completed,4,7.2,0.83
ENR-00010,STU-0001,MAC-COMP-8650,2026W,3.61,A-,completed,4,9.8,0.61
ENR-00011,STU-0001,MAC-COMP-8780,2026W,3.70,A,completed,5,6.5,0.67
ENR-00012,STU-0001,MAC-COMP-8890,2026W,3.37,A-,completed,3,7.6,0.92
ENR-00013,STU-0002,MAC-COMP-8110,2025W,2.88,B,completed,3,9.0,0.78
ENR-00014,STU-0002,MAC-COMP-8470,2025S,3.27,B+,completed,3,6.6,0.62
ENR-00015,STU-0002,MAC-COMP-8340,2025S,2.97,B,completed,4,13.1,0.86
ENR-00016,STU-0002,MAC-COMP-8220,2025S,3.78,A,completed,4,7.7,0.50
ENR-00017,STU-0002,MAC-COMP-8150,2025S,3.20,B+,completed,4,7.5,0.85
ENR-00018,STU-0002,MAC-COMP-8250,2025F,,,withdrawn,,7.0,0.59
ENR-00019,STU-0002,MAC-BU-7600,2025F,,,withdrawn,,7.1,0.64
ENR-00020,STU-0002,MAC-BU-7700,2025F,3.17,B+,completed,3,12.9,0.58
ENR-00021,STU-0002,MAC-COMP-8250,2026W,3.55,A-,completed,5,7.4,0.63
ENR-00022,STU-0002,MAC-BU-7600,2026W,2.60,B-,completed,4,6.7,0.58
ENR-00023,STU-0002,MAC-BU-7500,2026W,3.15,B+,completed,5,8.8,0.91
ENR-00024,STU-0002,MAC-COMP-8890,2026W,4.00,A+,completed,4,8.8,0.70
ENR-00025,STU-0003,MAC-COMP-8110,2025W,3.48,A-,completed,4,8.0,0.46
ENR-00026,STU-0003,MAC-COMP-8150,2025S,3.44,A-,completed,5,13.4,0.76
ENR-00027,STU-0003,MAC-COMP-8470,2025S,2.88,B,completed,5,9.8,0.81
ENR-00028,STU-0003,MAC-COMP-8340,2025S,3.83,A,completed,4,12.4,0.73
ENR-00029,STU-0003,MAC-COMP-8250,2025S,3.29,B+,completed,3,9.7,0.62
ENR-00030,STU-0003,MAC-COMP-8220,2025F,,,in-progress,,9.6,0.95
ENR-00031,STU-0003,MAC-BU-7700,2025F,3.36,A-,completed,3,8.4,0.59
ENR-00032,STU-0003,MAC-BU-7500,2025F,,,in-progress,,7.3,0.63
ENR-00033,STU-0003,MAC-COMP-8890,2025F,3.36,A-,completed,5,7.0,0.53
ENR-00034,STU-0004,MAC-COMP-8110,2025F,3.46,A-,completed,3,11.4,0.93
ENR-00035,STU-0004,MAC-COMP-8250,2026W,3.86,A,completed,3,8.3,0.63
ENR-00036,STU-0004,MAC-COMP-8150,2026W,2.68,B-,completed,4,6.1,0.73
ENR-00037,STU-0004,MAC-COMP-8340,2026W,3.02,B+,completed,4,7.9,0.88
ENR-00038,STU-0004,MAC-COMP-8470,2026W,3.52,A-,completed,5,6.7,0.74
ENR-00039,STU-0004,MAC-COMP-8220,2026S,,,in-progress,,10.2,0.58
ENR-00040,STU-0004,MAC-BU-7600,2026S,2.58,B-,completed,5,6.6,0.91
ENR-00041,STU-0004,MAC-BU-7700,2026S,,,in-progress,,8.9,0.61
ENR-00042,STU-0004,MAC-COMP-8890,2026S,3.43,A-,completed,4,6.8,0.74
ENR-00043,STU-0005,MAC-COMP-8110,2025F,2.92,B,completed,4,12.0,0.66
ENR-00044,STU-0005,MAC-COMP-8150,2026W,3.81,A,completed,4,8.2,0.72
ENR-00045,STU-0005,MAC-COMP-8340,2026W,3.30,A-,completed,5,12.7,0.45
ENR-00046,STU-0005,MAC-COMP-8250,2026W,3.16,B+,completed,3,11.8,0.84
ENR-00047,STU-0005,MAC-COMP-8470,2026W,3.01,B+,completed,3,7.9,0.93
ENR-00048,STU-0006,MAC-COMP-8110,2025W,3.77,A,completed,5,7.9,0.66
ENR-00049,STU-0006,MAC-COMP-8150,2025S,3.53,A-,completed,3,7.9,0.47
ENR-00050,STU-0006,MAC-COMP-8340,2025S,4.00,A+,completed,4,8.9,0.59
ENR-00051,STU-0006,MAC-COMP-8470,2025S,2.87,B,completed,4,6.0,0.47
ENR-00052,STU-0006,MAC-COMP-8220,2025S,,,withdrawn,,10.4,0.88
ENR-00053,STU-0006,MAC-COMP-8250,2025F,2.87,B,completed,5,6.3,0.65
ENR-00054,STU-0006,MAC-COMP-8220,2025F,3.37,A-,completed,5,6.6,0.59
ENR-00055,STU-0006,MAC-BU-7500,2025F,3.32,A-,completed,5,6.4,0.83
ENR-00056,STU-0006,MAC-BU-7700,2026W,,,in-progress,,8.6,0.55
ENR-00057,STU-0006,MAC-BU-7600,2026W,3.17,B+,completed,4,12.2,0.79
ENR-00058,STU-0006,MAC-COMP-8830,2026W,,,in-progress,,13.3,0.78
ENR-00059,STU-0006,MAC-COMP-8890,2026W,3.10,B+,completed,3,7.4,0.50
ENR-00060,STU-0007,MAC-COMP-8110,2025W,3.14,B+,completed,5,11.3,0.48
ENR-00061,STU-0007,MAC-COMP-8150,2025S,3.55,A-,completed,5,7.7,0.85
ENR-00062,STU-0007,MAC-COMP-8220,2025S,3.25,B+,completed,4,11.1,0.69
ENR-00063,STU-0007,MAC-COMP-8340,2025S,,,withdrawn,,9.0,0.72
ENR-00064,STU-0007,MAC-COMP-8470,2025S,3.12,B+,completed,3,6.7,0.84
ENR-00065,STU-0007,MAC-COMP-8250,2025F,3.64,A-,completed,5,13.3,0.57
ENR-00066,STU-0007,MAC-COMP-8340,2025F,2.97,B,completed,3,13.6,0.67
ENR-00067,STU-0007,MAC-BU-7600,2025F,2.98,B,completed,5,6.6,0.71
ENR-00068,STU-0007,MAC-BU-7500,2026W,,,in-progress,,6.6,0.93
ENR-00069,STU-0007,MAC-BU-7700,2026W,,,in-progress,,6.9,0.76
ENR-00070,STU-0007,MAC-COMP-8830,2026W,3.79,A,completed,4,9.2,0.75
ENR-00071,STU-0007,MAC-COMP-8890,2026W,3.68,A-,completed,5,12.8,0.49
ENR-00072,STU-0008,MAC-COMP-8110,2025W,3.17,B+,completed,5,9.3,0.73
ENR-00073,STU-0008,MAC-COMP-8250,2025S,3.60,A-,completed,5,8.8,0.63
ENR-00074,STU-0008,MAC-COMP-8150,2025S,3.49,A-,completed,3,9.2,0.52
ENR-00075,STU-0008,MAC-COMP-8220,2025S,2.83,B,completed,4,14.0,0.87
ENR-00076,STU-0008,MAC-COMP-8470,2025S,3.63,A-,completed,5,6.4,0.74
ENR-00077,STU-0008,MAC-COMP-8340,2025F,3.81,A,completed,3,11.2,0.58
ENR-00078,STU-0008,MAC-BU-7500,2025F,3.36,A-,completed,3,10.0,0.58
ENR-00079,STU-0008,MAC-BU-7600,2025F,3.18,B+,completed,3,7.2,0.49
ENR-00080,STU-0008,MAC-BU-7700,2026W,,,in-progress,,7.7,0.51
ENR-00081,STU-0008,MAC-COMP-8780,2026W,,,in-progress,,6.9,0.91
ENR-00082,STU-0008,MAC-COMP-8650,2026W,3.73,A,completed,3,7.3,0.92
ENR-00083,STU-0008,MAC-COMP-8890,2026W,,,in-progress,,12.5,0.51
ENR-00084,STU-0009,MAC-COMP-8110,2024F,,,withdrawn,,6.6,0.63
ENR-00085,STU-0009,MAC-COMP-8110,2025W,,,in-progress,,8.9,0.48
ENR-00086,STU-0009,MAC-BU-7600,2025W,,,in-progress,,6.3,0.64
ENR-00087,STU-0009,MAC-BU-7500,2025W,3.14,B+,completed,3,9.8,0.88
ENR-00088,STU-0009,MAC-BU-7700,2025W,2.64,B-,completed,3,11.6,0.59
ENR-00089,STU-0010,MAC-COMP-8110,2025W,3.56,A-,completed,4,12.6,0.92
ENR-00090,STU-0010,MAC-COMP-8470,2025S,,,in-progress,,9.1,0.63
ENR-00091,STU-0010,MAC-COMP-8220,2025S,3.27,B+,completed,4,9.9,0.50
ENR-00092,STU-0010,MAC-COMP-8250,2025S,2.84,B,completed,5,10.4,0.77
ENR-00093,STU-0010,MAC-COMP-8150,2025S,3.54,A-,completed,4,10.0,0.78
ENR-00094,STU-0011,MAC-COMP-8110,2025F,3.89,A,completed,4,7.2,0.58
ENR-00095,STU-0011,MAC-COMP-8250,2026W,3.64,A-,completed,5,13.2,0.54
ENR-00096,STU-0011,MAC-COMP-8340,2026W,3.43,A-,completed,4,8.7,0.50
ENR-00097,STU-0011,MAC-COMP-8470,2026W,3.08,B+,completed,5,6.8,0.83
ENR-00098,STU-0011,MAC-COMP-8150,2026W,3.18,B+,completed,5,10.3,0.81
ENR-00099,STU-0011,MAC-COMP-8220,2026S,3.06,B+,completed,5,13.1,0.81
ENR-00100,STU-0011,MAC-BU-7700,2026S,,,in-progress,,13.7,0.55
ENR-00101,STU-0011,MAC-BU-7600,2026S,,,in-progress,,6.9,0.61
ENR-00102,STU-0011,MAC-COMP-8890,2026S,,,in-progress,,12.0,0.86
ENR-00103,STU-0012,MAC-COMP-8110,2024F,3.39,A-,completed,4,7.7,0.77
ENR-00104,STU-0012,MAC-COMP-8340,2025W,3.24,B+,completed,4,7.2,0.46
ENR-00105,STU-0012,MAC-COMP-8470,2025W,3.78,A,completed,3,9.5,0.74
ENR-00106,STU-0012,MAC-COMP-8220,2025W,3.55,A-,completed,3,13.8,0.61
ENR-00107,STU-0012,MAC-COMP-8250,2025W,3.06,B+,completed,5,11.1,0.80
ENR-00108,STU-0012,MAC-COMP-8150,2025S,4.00,A+,completed,4,8.4,0.84
ENR-00109,STU-0012,MAC-BU-7700,2025S,3.58,A-,completed,5,8.6,0.91
ENR-00110,STU-0012,MAC-BU-7600,2025S,3.83,A,completed,5,11.5,0.49
ENR-00111,STU-0012,MAC-BU-7500,2025F,,,in-progress,,7.0,0.65
ENR-00112,STU-0012,MAC-COMP-8830,2025F,2.92,B,completed,5,8.9,0.87
ENR-00113,STU-0012,MAC-COMP-8720,2025F,3.14,B+,completed,5,6.3,0.91
ENR-00114,STU-0012,MAC-COMP-8890,2025F,,,in-progress,,12.4,0.54
ENR-00115,STU-0013,MAC-COMP-8110,2024F,2.88,B,completed,3,6.4,0.68
ENR-00116,STU-0013,MAC-COMP-8470,2025W,,,in-progress,,8.5,0.67
ENR-00117,STU-0013,MAC-COMP-8150,2025W,,,in-progress,,12.2,0.52
ENR-00118,STU-0013,MAC-COMP-8250,2025W,,,in-progress,,10.8,0.67
ENR-00119,STU-0013,MAC-COMP-8220,2025W,3.64,A-,completed,5,8.6,0.59
ENR-00120,STU-0014,MAC-COMP-8110,2025F,2.89,B,completed,3,13.7,0.73
ENR-00121,STU-0014,MAC-COMP-8470,2026W,2.76,B,completed,5,13.5,0.46
ENR-00122,STU-0014,MAC-COMP-8220,2026W,,,in-progress,,10.4,0.67
ENR-00123,STU-0014,MAC-COMP-8250,2026W,,,in-progress,,11.8,0.53
ENR-00124,STU-0014,MAC-COMP-8340,2026W,,,in-progress,,8.3,0.75
ENR-00125,STU-0015,MAC-COMP-8110,2025W,3.41,A-,completed,4,10.1,0.89
ENR-00126,STU-0015,MAC-COMP-8220,2025S,3.57,A-,completed,5,9.3,0.50
ENR-00127,STU-0015,MAC-COMP-8250,2025S,3.65,A-,completed,3,12.8,0.89
ENR-00128,STU-0015,MAC-COMP-8470,2025S,3.09,B+,completed,5,10.8,0.63
ENR-00129,STU-0015,MAC-COMP-8150,2025S,,,withdrawn,,13.6,0.46
ENR-00130,STU-0015,MAC-COMP-8340,2025F,,,withdrawn,,6.7,0.80
ENR-00131,STU-0015,MAC-COMP-8150,2025F,,,in-progress,,8.2,0.48
ENR-00132,STU-0015,MAC-BU-7500,2025F,,,in-progress,,11.4,0.58
ENR-00133,STU-0015,MAC-COMP-8890,2025F,,,in-progress,,9.8,0.59
ENR-00134,STU-0016,MAC-COMP-8110,2025F,,,withdrawn,,7.4,0.55
ENR-00135,STU-0016,MAC-COMP-8110,2026W,3.20,B+,completed,3,13.5,0.46
ENR-00136,STU-0016,MAC-BU-7600,2026W,3.61,A-,completed,3,10.0,0.78
ENR-00137,STU-0016,MAC-BU-7700,2026W,4.00,A+,completed,4,13.2,0.56
ENR-00138,STU-0016,MAC-BU-7500,2026W,3.01,B+,completed,4,7.1,0.82
ENR-00139,STU-0016,MAC-COMP-8340,2026S,3.31,A-,completed,5,12.0,0.56
ENR-00140,STU-0016,MAC-COMP-8150,2026S,3.42,A-,completed,4,11.9,0.50
ENR-00141,STU-0016,MAC-COMP-8250,2026S,,,in-progress,,6.5,0.56
ENR-00142,STU-0016,MAC-COMP-8890,2026S,,,in-progress,,6.9,0.54
ENR-00143,STU-0017,MAC-COMP-8110,2025W,3.25,B+,completed,5,6.8,0.62
ENR-00144,STU-0017,MAC-COMP-8220,2025S,3.08,B+,completed,5,6.4,0.90
ENR-00145,STU-0017,MAC-COMP-8340,2025S,,,in-progress,,13.9,0.73
ENR-00146,STU-0017,MAC-COMP-8470,2025S,3.25,B+,completed,5,8.1,0.78
ENR-00147,STU-0017,MAC-COMP-8150,2025S,3.14,B+,completed,4,9.9,0.48
ENR-00148,STU-0018,MAC-COMP-8110,2025W,3.45,A-,completed,5,12.6,0.69
ENR-00149,STU-0018,MAC-COMP-8220,2025S,3.18,B+,completed,5,6.3,0.59
ENR-00150,STU-0018,MAC-COMP-8150,2025S,3.99,A+,completed,5,6.0,0.70
ENR-00151,STU-0018,MAC-COMP-8470,2025S,2.92,B,completed,4,12.9,0.47
ENR-00152,STU-0018,MAC-COMP-8250,2025S,2.89,B,completed,3,12.9,0.76
ENR-00153,STU-0018,MAC-COMP-8340,2025F,3.53,A-,completed,3,12.2,0.55
ENR-00154,STU-0018,MAC-BU-7600,2025F,3.40,A-,completed,5,6.3,0.54
ENR-00155,STU-0018,MAC-BU-7700,2025F,,,in-progress,,6.0,0.80
ENR-00156,STU-0018,MAC-COMP-8890,2025F,,,in-progress,,10.0,0.74
ENR-00157,STU-0019,MAC-COMP-8110,2025F,2.80,B,completed,5,8.1,0.47
ENR-00158,STU-0019,MAC-COMP-8220,2026W,,,in-progress,,10.9,0.88
ENR-00159,STU-0019,MAC-COMP-8470,2026W,,,in-progress,,6.6,0.56
ENR-00160,STU-0019,MAC-COMP-8340,2026W,4.00,A+,completed,4,13.7,0.47
ENR-00161,STU-0019,MAC-COMP-8250,2026W,3.59,A-,completed,5,12.3,0.75
ENR-00162,STU-0020,MAC-COMP-8110,2025W,2.86,B,completed,3,11.5,0.69
ENR-00163,STU-0020,MAC-COMP-8250,2025S,3.25,B+,completed,4,12.5,0.53
ENR-00164,STU-0020,MAC-COMP-8340,2025S,3.64,A-,completed,4,8.5,0.49
ENR-00165,STU-0020,MAC-COMP-8220,2025S,3.10,B+,completed,3,13.5,0.84
ENR-00166,STU-0020,MAC-COMP-8470,2025S,3.33,A-,completed,4,11.2,0.94
ENR-00167,STU-0020,MAC-COMP-8150,2025F,3.29,B+,completed,4,8.0,0.95
ENR-00168,STU-0020,MAC-BU-7600,2025F,,,in-progress,,11.8,0.93
ENR-00169,STU-0020,MAC-BU-7700,2025F,2.78,B,completed,4,7.5,0.94
ENR-00170,STU-0020,MAC-COMP-8890,2025F,,,in-progress,,7.0,0.55
ENR-00171,STU-0021,MAC-COMP-8110,2025F,3.63,A-,completed,5,8.6,0.47
ENR-00172,STU-0021,MAC-COMP-8470,2026W,3.80,A,completed,5,11.9,0.87
ENR-00173,STU-0021,MAC-COMP-8150,2026W,,,in-progress,,10.4,0.62
ENR-00174,STU-0021,MAC-COMP-8220,2026W,,,in-progress,,10.6,0.65
ENR-00175,STU-0021,MAC-COMP-8250,2026W,,,in-progress,,8.4,0.83
ENR-00176,STU-0022,MAC-COMP-8110,2025F,3.11,B+,completed,4,11.2,0.92
ENR-00177,STU-0022,MAC-COMP-8220,2026W,,,withdrawn,,9.2,0.74
ENR-00178,STU-0022,MAC-COMP-8150,2026W,2.65,B-,completed,4,8.8,0.83
ENR-00179,STU-0022,MAC-COMP-8340,2026W,3.58,A-,completed,3,11.8,0.61
ENR-00180,STU-0022,MAC-COMP-8470,2026W,3.43,A-,completed,5,8.7,0.79
ENR-00181,STU-0022,MAC-COMP-8220,2026S,,,in-progress,,12.0,0.72
ENR-00182,STU-0022,MAC-COMP-8250,2026S,3.64,A-,completed,4,11.1,0.93
ENR-00183,STU-0022,MAC-BU-7600,2026S,2.90,B,completed,5,13.4,0.80
ENR-00184,STU-0022,MAC-COMP-8890,2026S,2.82,B,completed,5,12.6,0.54
ENR-00185,STU-0023,MAC-COMP-8110,2024F,2.75,B,completed,4,13.0,0.55
ENR-00186,STU-0023,MAC-COMP-8340,2025W,3.43,A-,completed,3,9.8,0.53
ENR-00187,STU-0023,MAC-COMP-8470,2025W,,,in-progress,,12.8,0.89
ENR-00188,STU-0023,MAC-COMP-8250,2025W,3.43,A-,completed,3,7.6,0.93
ENR-00189,STU-0023,MAC-COMP-8150,2025W,3.22,B+,completed,5,13.5,0.62
ENR-00190,STU-0024,MAC-COMP-8110,2024F,2.76,B,completed,4,9.3,0.83
ENR-00191,STU-0024,MAC-COMP-8150,2025W,4.00,A+,completed,5,9.2,0.68
ENR-00192,STU-0024,MAC-COMP-8250,2025W,3.66,A-,completed,4,13.2,0.80
ENR-00193,STU-0024,MAC-COMP-8470,2025W,2.95,B,completed,4,13.8,0.86
ENR-00194,STU-0024,MAC-COMP-8220,2025W,3.74,A,completed,4,12.9,0.58
ENR-00195,STU-0024,MAC-COMP-8340,2025S,3.26,B+,completed,3,6.2,0.67
ENR-00196,STU-0024,MAC-BU-7500,2025S,3.66,A-,completed,3,8.3,0.47
ENR-00197,STU-0024,MAC-BU-7600,2025S,,,in-progress,,6.0,0.48
ENR-00198,STU-0024,MAC-COMP-8890,2025S,,,in-progress,,7.5,0.46
ENR-00199,STU-0025,MAC-COMP-8110,2024F,3.48,A-,completed,5,12.6,0.54
ENR-00200,STU-0025,MAC-COMP-8150,2025W,2.80,B,completed,5,7.0,0.79
ENR-00201,STU-0025,MAC-COMP-8340,2025W,,,in-progress,,10.1,0.63
ENR-00202,STU-0025,MAC-COMP-8220,2025W,,,in-progress,,7.1,0.69
ENR-00203,STU-0025,MAC-COMP-8470,2025W,3.73,A,completed,4,13.2,0.54
ENR-00204,STU-0026,MAC-COMP-8110,2024F,3.41,A-,completed,4,12.1,0.80
ENR-00205,STU-0026,MAC-COMP-8340,2025W,3.38,A-,completed,5,9.0,0.54
ENR-00206,STU-0026,MAC-COMP-8470,2025W,3.24,B+,completed,4,10.4,0.78
ENR-00207,STU-0026,MAC-COMP-8150,2025W,3.56,A-,completed,5,8.3,0.70
ENR-00208,STU-0026,MAC-COMP-8220,2025W,3.51,A-,completed,5,12.6,0.56
ENR-00209,STU-0026,MAC-COMP-8250,2025S,3.53,A-,completed,4,9.5,0.88
ENR-00210,STU-0026,MAC-BU-7500,2025S,4.00,A+,completed,5,12.4,0.57
ENR-00211,STU-0026,MAC-BU-7600,2025S,3.56,A-,completed,5,6.4,0.89
ENR-00212,STU-0026,MAC-COMP-8890,2025S,2.77,B,completed,3,9.1,0.69
ENR-00213,STU-0027,MAC-COMP-8110,2024F,3.23,B+,completed,3,12.9,0.68
ENR-00214,STU-0027,MAC-COMP-8340,2025W,3.66,A-,completed,5,6.1,0.46
ENR-00215,STU-0027,MAC-COMP-8470,2025W,2.71,B,completed,3,12.1,0.79
ENR-00216,STU-0027,MAC-COMP-8150,2025W,,,withdrawn,,13.8,0.66
ENR-00217,STU-0027,MAC-COMP-8220,2025W,3.56,A-,completed,3,9.6,0.71
ENR-00218,STU-0027,MAC-COMP-8150,2025S,2.19,C+,completed,3,7.6,0.91
ENR-00219,STU-0027,MAC-COMP-8250,2025S,3.01,B+,completed,4,6.5,0.75
ENR-00220,STU-0027,MAC-BU-7500,2025S,3.28,B+,completed,3,7.0,0.74
ENR-00221,STU-0027,MAC-BU-7700,2025F,3.56,A-,completed,5,10.1,0.83
ENR-00222,STU-0027,MAC-BU-7600,2025F,,,in-progress,,7.3,0.60
ENR-00223,STU-0027,MAC-COMP-8830,2025F,,,in-progress,,6.4,0.55
ENR-00224,STU-0027,MAC-COMP-8890,2025F,,,withdrawn,,13.6,0.94
ENR-00225,STU-0028,MAC-COMP-8110,2024F,3.16,B+,completed,4,7.7,0.92
ENR-00226,STU-0028,MAC-COMP-8340,2025W,,,in-progress,,9.6,0.57
ENR-00227,STU-0028,MAC-COMP-8220,2025W,,,in-progress,,12.7,0.67
ENR-00228,STU-0028,MAC-COMP-8470,2025W,,,in-progress,,6.7,0.68
ENR-00229,STU-0028,MAC-COMP-8150,2025W,3.83,A,completed,3,7.2,0.95
ENR-00230,STU-0029,MAC-COMP-8110,2024F,3.25,B+,completed,5,8.1,0.81
ENR-00231,STU-0029,MAC-COMP-8250,2025W,3.17,B+,completed,5,8.2,0.64
ENR-00232,STU-0029,MAC-COMP-8150,2025W,2.58,B-,completed,3,13.2,0.79
ENR-00233,STU-0029,MAC-COMP-8470,2025W,3.10,B+,completed,5,8.3,0.74
ENR-00234,STU-0029,MAC-COMP-8340,2025W,3.87,A,completed,4,13.2,0.47
ENR-00235,STU-0029,MAC-COMP-8220,2025S,2.96,B,completed,4,7.3,0.85
ENR-00236,STU-0029,MAC-BU-7500,2025S,3.09,B+,completed,5,9.0,0.80
ENR-00237,STU-0029,MAC-BU-7600,2025S,3.15,B+,completed,4,11.8,0.69
ENR-00238,STU-0029,MAC-BU-7700,2025F,3.18,B+,completed,4,14.0,0.74
ENR-00239,STU-0029,MAC-COMP-8720,2025F,3.48,A-,completed,5,7.6,0.81
ENR-00240,STU-0029,MAC-COMP-8780,2025F,,,in-progress,,8.5,0.71
ENR-00241,STU-0029,MAC-COMP-8890,2025F,,,in-progress,,6.8,0.88
ENR-00242,STU-0030,MAC-COMP-8110,2025W,3.35,A-,completed,5,7.9,0.90
ENR-00243,STU-0030,MAC-COMP-8250,2025S,2.69,B-,completed,3,10.5,0.82
ENR-00244,STU-0030,MAC-COMP-8220,2025S,2.51,B-,completed,3,12.9,0.87
ENR-00245,STU-0030,MAC-COMP-8340,2025S,3.46,A-,completed,5,13.0,0.59
ENR-00246,STU-0030,MAC-COMP-8150,2025S,2.51,B-,completed,3,7.0,0.76
ENR-00247,STU-0030,MAC-COMP-8470,2025F,3.34,A-,completed,3,6.6,0.48
ENR-00248,STU-0030,MAC-BU-7700,2025F,,,withdrawn,,10.0,0.74
ENR-00249,STU-0030,MAC-BU-7600,2025F,2.71,B,completed,4,10.6,0.80
ENR-00250,STU-0030,MAC-BU-7700,2026W,,,in-progress,,6.0,0.69
ENR-00251,STU-0030,MAC-BU-7500,2026W,,,in-progress,,10.1,0.64
ENR-00252,STU-0030,MAC-COMP-8720,2026W,3.83,A,completed,4,10.6,0.62
ENR-00253,STU-0030,MAC-COMP-8890,2026W,2.62,B-,completed,4,6.8,0.80
ENR-00254,STU-0031,MAC-COMP-8110,2024F,3.27,B+,completed,4,12.2,0.72
ENR-00255,STU-0031,MAC-COMP-8340,2025W,3.03,B+,completed,4,8.6,0.66
ENR-00256,STU-0031,MAC-COMP-8220,2025W,2.76,B,completed,3,9.9,0.77
ENR-00257,STU-0031,MAC-COMP-8470,2025W,,,in-progress,,12.6,0.76
ENR-00258,STU-0031,MAC-COMP-8250,2025W,,,in-progress,,13.5,0.93
ENR-00259,STU-0032,MAC-COMP-8110,2025W,3.28,B+,completed,3,12.5,0.72
ENR-00260,STU-0032,MAC-COMP-8470,2025S,3.36,A-,completed,5,12.0,0.61
ENR-00261,STU-0032,MAC-COMP-8250,2025S,3.03,B+,completed,5,8.0,0.57
ENR-00262,STU-0032,MAC-COMP-8340,2025S,,,in-progress,,9.1,0.68
ENR-00263,STU-0032,MAC-COMP-8150,2025S,,,in-progress,,7.7,0.70
ENR-00264,STU-0033,MAC-COMP-8110,2025F,3.17,B+,completed,4,7.6,0.47
ENR-00265,STU-0033,MAC-COMP-8150,2026W,3.17,B+,completed,5,12.0,0.89
ENR-00266,STU-0033,MAC-COMP-8220,2026W,3.10,B+,completed,4,6.6,0.64
ENR-00267,STU-0033,MAC-COMP-8470,2026W,2.74,B,completed,3,10.6,0.81
ENR-00268,STU-0033,MAC-COMP-8250,2026W,3.11,B+,completed,4,6.4,0.64
ENR-00269,STU-0033,MAC-COMP-8340,2026S,3.64,A-,completed,5,11.4,0.52
ENR-00270,STU-0033,MAC-BU-7500,2026S,2.83,B,completed,3,12.9,0.80
ENR-00271,STU-0033,MAC-BU-7700,2026S,2.87,B,completed,3,12.0,0.52
ENR-00272,STU-0033,MAC-BU-7600,2026F,,,in-progress,,8.1,0.66
ENR-00273,STU-0033,MAC-COMP-8780,2026F,3.58,A-,completed,3,10.9,0.93
ENR-00274,STU-0033,MAC-COMP-8650,2026F,3.13,B+,completed,3,12.9,0.75
ENR-00275,STU-0033,MAC-COMP-8890,2026F,3.45,A-,completed,5,9.9,0.66
ENR-00276,STU-0034,MAC-COMP-8110,2025F,4.00,A+,completed,4,11.3,0.83
ENR-00277,STU-0034,MAC-COMP-8150,2026W,3.91,A+,completed,3,11.9,0.54
ENR-00278,STU-0034,MAC-COMP-8340,2026W,,,withdrawn,,7.7,0.93
ENR-00279,STU-0034,MAC-COMP-8250,2026W,3.24,B+,completed,4,12.0,0.51
ENR-00280,STU-0034,MAC-COMP-8220,2026W,3.57,A-,completed,4,6.2,0.77
ENR-00281,STU-0034,MAC-COMP-8470,2026S,,,in-progress,,13.5,0.52
ENR-00282,STU-0034,MAC-COMP-8340,2026S,,,in-progress,,8.4,0.89
ENR-00283,STU-0034,MAC-BU-7700,2026S,,,in-progress,,11.4,0.82
ENR-00284,STU-0034,MAC-COMP-8890,2026S,,,in-progress,,7.2,0.52
ENR-00285,STU-0035,MAC-COMP-8110,2025W,3.44,A-,completed,5,6.8,0.57
ENR-00286,STU-0035,MAC-COMP-8220,2025S,,,withdrawn,,9.6,0.76
ENR-00287,STU-0035,MAC-COMP-8150,2025S,3.15,B+,completed,5,13.5,0.79
ENR-00288,STU-0035,MAC-COMP-8470,2025S,3.60,A-,completed,5,13.1,0.90
ENR-00289,STU-0035,MAC-COMP-8340,2025S,3.04,B+,completed,3,7.4,0.94
ENR-00290,STU-0035,MAC-COMP-8220,2025F,3.80,A,completed,4,12.0,0.72
ENR-00291,STU-0035,MAC-COMP-8250,2025F,3.60,A-,completed,4,10.7,0.73
ENR-00292,STU-0035,MAC-BU-7600,2025F,3.07,B+,completed,4,9.8,0.84
ENR-00293,STU-0035,MAC-BU-7700,2026W,2.58,B-,completed,5,12.9,0.62
ENR-00294,STU-0035,MAC-BU-7500,2026W,2.56,B-,completed,4,13.3,0.83
ENR-00295,STU-0035,MAC-COMP-8650,2026W,,,in-progress,,7.1,0.60
ENR-00296,STU-0035,MAC-COMP-8890,2026W,3.54,A-,completed,4,11.2,0.88
ENR-00297,STU-0036,MAC-COMP-8110,2025F,3.24,B+,completed,5,9.0,0.94
ENR-00298,STU-0036,MAC-COMP-8220,2026W,,,in-progress,,9.3,0.78
ENR-00299,STU-0036,MAC-COMP-8470,2026W,,,in-progress,,12.6,0.95
ENR-00300,STU-0036,MAC-COMP-8340,2026W,,,in-progress,,7.4,0.51
ENR-00301,STU-0036,MAC-COMP-8150,2026W,,,in-progress,,6.6,0.77
ENR-00302,STU-0037,MAC-COMP-8110,2024F,3.14,B+,completed,4,11.4,0.58
ENR-00303,STU-0037,MAC-COMP-8150,2025W,3.44,A-,completed,3,13.5,0.55
ENR-00304,STU-0037,MAC-COMP-8250,2025W,2.80,B,completed,3,6.1,0.56
ENR-00305,STU-0037,MAC-COMP-8340,2025W,,,in-progress,,7.3,0.62
ENR-00306,STU-0037,MAC-COMP-8220,2025W,,,in-progress,,11.4,0.93
ENR-00307,STU-0038,MAC-COMP-8110,2024F,3.88,A,completed,4,7.2,0.86
ENR-00308,STU-0038,MAC-COMP-8220,2025W,3.09,B+,completed,5,13.8,0.48
ENR-00309,STU-0038,MAC-COMP-8470,2025W,3.07,B+,completed,5,11.5,0.93
ENR-00310,STU-0038,MAC-COMP-8250,2025W,3.47,A-,completed,4,7.6,0.58
ENR-00311,STU-0038,MAC-COMP-8150,2025W,,,withdrawn,,6.8,0.88
ENR-00312,STU-0038,MAC-COMP-8150,2025S,3.70,A,completed,5,13.9,0.53
ENR-00313,STU-0038,MAC-COMP-8340,2025S,3.15,B+,completed,3,13.9,0.78
ENR-00314,STU-0038,MAC-BU-7700,2025S,3.24,B+,completed,4,9.7,0.77
ENR-00315,STU-0038,MAC-COMP-8890,2025S,3.33,A-,completed,4,9.3,0.50
ENR-00316,STU-0039,MAC-COMP-8110,2025F,2.90,B,completed,4,11.0,0.54
ENR-00317,STU-0039,MAC-COMP-8340,2026W,,,in-progress,,8.5,0.47
ENR-00318,STU-0039,MAC-COMP-8220,2026W,3.31,A-,completed,3,12.3,0.70
ENR-00319,STU-0039,MAC-COMP-8150,2026W,3.31,A-,completed,5,10.2,0.77
ENR-00320,STU-0039,MAC-COMP-8250,2026W,3.37,A-,completed,4,10.4,0.84
ENR-00321,STU-0040,MAC-COMP-8110,2024F,2.92,B,completed,3,10.5,0.67
ENR-00322,STU-0040,MAC-COMP-8220,2025W,3.75,A,completed,4,13.9,0.87
ENR-00323,STU-0040,MAC-COMP-8150,2025W,4.00,A+,completed,4,13.2,0.68
ENR-00324,STU-0040,MAC-COMP-8250,2025W,3.83,A,completed,5,9.7,0.76
ENR-00325,STU-0040,MAC-COMP-8470,2025W,,,withdrawn,,9.7,0.76
ENR-00326,STU-0040,MAC-COMP-8470,2025S,3.92,A+,completed,5,12.3,0.58
ENR-00327,STU-0040,MAC-COMP-8340,2025S,,,in-progress,,11.3,0.61
ENR-00328,STU-0040,MAC-BU-7600,2025S,,,in-progress,,12.1,0.93
ENR-00329,STU-0040,MAC-COMP-8890,2025S,3.25,B+,completed,3,9.8,0.74
ENR-00330,STU-0041,MAC-COMP-8110,2025F,3.80,A,completed,4,12.5,0.77
ENR-00331,STU-0041,MAC-COMP-8150,2026W,2.92,B,completed,3,12.2,0.66
ENR-00332,STU-0041,MAC-COMP-8250,2026W,3.24,B+,completed,4,9.8,0.94
ENR-00333,STU-0041,MAC-COMP-8220,2026W,3.67,A-,completed,5,6.2,0.87
ENR-00334,STU-0041,MAC-COMP-8340,2026W,,,in-progress,,13.2,0.55
ENR-00335,STU-0042,MAC-COMP-8110,2025F,2.36,B-,completed,5,6.8,0.90
ENR-00336,STU-0042,MAC-COMP-8150,2026W,3.67,A-,completed,4,12.9,0.48
ENR-00337,STU-0042,MAC-COMP-8470,2026W,2.97,B,completed,4,11.5,0.63
ENR-00338,STU-0042,MAC-COMP-8220,2026W,3.37,A-,completed,4,7.8,0.52
ENR-00339,STU-0042,MAC-COMP-8250,2026W,4.00,A+,completed,3,10.3,0.92
ENR-00340,STU-0042,MAC-COMP-8340,2026S,3.40,A-,completed,3,7.9,0.71
ENR-00341,STU-0042,MAC-BU-7600,2026S,,,withdrawn,,8.8,0.78
ENR-00342,STU-0042,MAC-BU-7700,2026S,3.09,B+,completed,4,13.0,0.65
ENR-00343,STU-0042,MAC-BU-7500,2026F,,,withdrawn,,9.8,0.89
ENR-00344,STU-0042,MAC-BU-7600,2026F,,,in-progress,,8.9,0.71
ENR-00345,STU-0042,MAC-COMP-8720,2026F,3.26,B+,completed,5,11.0,0.55
ENR-00346,STU-0042,MAC-COMP-8890,2026F,,,in-progress,,8.8,0.86
ENR-00347,STU-0043,MAC-COMP-8110,2025W,2.66,B-,completed,5,7.5,0.49
ENR-00348,STU-0043,MAC-COMP-8220,2025S,3.35,A-,completed,5,8.2,0.76
ENR-00349,STU-0043,MAC-COMP-8150,2025S,3.24,B+,completed,5,6.1,0.95
ENR-00350,STU-0043,MAC-COMP-8340,2025S,3.47,A-,completed,3,9.4,0.79
ENR-00351,STU-0043,MAC-COMP-8250,2025S,3.53,A-,completed,4,9.4,0.55
ENR-00352,STU-0043,MAC-COMP-8470,2025F,,,in-progress,,8.9,0.49
ENR-00353,STU-0043,MAC-BU-7700,2025F,,,in-progress,,6.6,0.51
ENR-00354,STU-0043,MAC-BU-7600,2025F,3.92,A+,completed,5,13.4,0.79
ENR-00355,STU-0043,MAC-COMP-8890,2025F,,,in-progress,,6.7,0.74
ENR-00356,STU-0044,MAC-COMP-8110,2025W,2.75,B,completed,5,6.6,0.60
ENR-00357,STU-0044,MAC-COMP-8220,2025S,3.16,B+,completed,3,7.5,0.72
ENR-00358,STU-0044,MAC-COMP-8470,2025S,3.23,B+,completed,3,9.5,0.80
ENR-00359,STU-0044,MAC-COMP-8340,2025S,2.85,B,completed,3,9.1,0.75
ENR-00360,STU-0044,MAC-COMP-8150,2025S,2.71,B,completed,5,13.9,0.63
ENR-00361,STU-0044,MAC-COMP-8250,2025F,,,in-progress,,12.0,0.54
ENR-00362,STU-0044,MAC-BU-7600,2025F,2.50,B-,completed,5,11.4,0.86
ENR-00363,STU-0044,MAC-BU-7700,2025F,3.28,B+,completed,4,12.1,0.56
ENR-00364,STU-0044,MAC-COMP-8890,2025F,3.83,A,completed,5,10.3,0.94
ENR-00365,STU-0045,MAC-COMP-8110,2024F,3.12,B+,completed,5,7.4,0.46
ENR-00366,STU-0045,MAC-COMP-8340,2025W,3.25,B+,completed,4,11.4,0.56
ENR-00367,STU-0045,MAC-COMP-8470,2025W,2.83,B,completed,4,6.2,0.78
ENR-00368,STU-0045,MAC-COMP-8220,2025W,,,in-progress,,13.8,0.87
ENR-00369,STU-0045,MAC-COMP-8150,2025W,,,in-progress,,11.3,0.92
ENR-00370,STU-0046,MAC-COMP-8110,2024F,3.09,B+,completed,5,8.3,0.75
ENR-00371,STU-0046,MAC-COMP-8220,2025W,3.06,B+,completed,4,7.0,0.57
ENR-00372,STU-0046,MAC-COMP-8340,2025W,3.57,A-,completed,5,12.9,0.87
ENR-00373,STU-0046,MAC-COMP-8150,2025W,3.53,A-,completed,4,8.4,0.87
ENR-00374,STU-0046,MAC-COMP-8470,2025W,3.45,A-,completed,3,6.4,0.79
ENR-00375,STU-0046,MAC-COMP-8250,2025S,,,in-progress,,10.9,0.87
ENR-00376,STU-0046,MAC-BU-7500,2025S,,,in-progress,,9.0,0.92
ENR-00377,STU-0046,MAC-BU-7600,2025S,,,in-progress,,8.4,0.89
ENR-00378,STU-0046,MAC-COMP-8890,2025S,3.54,A-,completed,4,8.8,0.83
ENR-00379,STU-0047,MAC-COMP-8110,2025W,3.32,A-,completed,4,10.2,0.80
ENR-00380,STU-0047,MAC-COMP-8220,2025S,3.11,B+,completed,5,13.7,0.53
ENR-00381,STU-0047,MAC-COMP-8250,2025S,3.07,B+,completed,3,13.0,0.73
ENR-00382,STU-0047,MAC-COMP-8470,2025S,3.99,A+,completed,4,13.3,0.66
ENR-00383,STU-0047,MAC-COMP-8150,2025S,3.43,A-,completed,4,13.5,0.47
ENR-00384,STU-0048,MAC-COMP-8110,2025W,2.89,B,completed,4,10.4,0.59
ENR-00385,STU-0048,MAC-COMP-8470,2025S,3.19,B+,completed,5,9.8,0.65
ENR-00386,STU-0048,MAC-COMP-8340,2025S,3.93,A+,completed,3,8.8,0.89
ENR-00387,STU-0048,MAC-COMP-8150,2025S,3.62,A-,completed,4,10.0,0.64
ENR-00388,STU-0048,MAC-COMP-8250,2025S,3.88,A,completed,3,11.5,0.88
ENR-00389,STU-0048,MAC-COMP-8220,2025F,3.19,B+,completed,3,13.2,0.52
ENR-00390,STU-0048,MAC-BU-7600,2025F,4.00,A+,completed,3,11.1,0.66
ENR-00391,STU-0048,MAC-BU-7700,2025F,3.22,B+,completed,3,9.5,0.54
ENR-00392,STU-0048,MAC-BU-7500,2026W,,,in-progress,,6.2,0.66
ENR-00393,STU-0048,MAC-COMP-8830,2026W,,,in-progress,,11.6,0.72
ENR-00394,STU-0048,MAC-COMP-8720,2026W,,,in-progress,,11.7,0.80
ENR-00395,STU-0048,MAC-COMP-8890,2026W,,,in-progress,,6.3,0.64
ENR-00396,STU-0049,MAC-COMP-8110,2025F,3.86,A,completed,5,10.1,0.48
ENR-00397,STU-0049,MAC-COMP-8470,2026W,2.61,B-,completed,5,7.1,0.83
ENR-00398,STU-0049,MAC-COMP-8150,2026W,2.66,B-,completed,4,7.9,0.81
ENR-00399,STU-0049,MAC-COMP-8340,2026W,3.40,A-,completed,3,8.6,0.84
ENR-00400,STU-0049,MAC-COMP-8220,2026W,2.67,B-,completed,4,8.1,0.55
ENR-00401,STU-0050,MAC-COMP-8110,2024F,3.44,A-,completed,3,12.8,0.78
ENR-00402,STU-0050,MAC-COMP-8340,2025W,3.24,B+,completed,4,13.6,0.70
ENR-00403,STU-0050,MAC-COMP-8250,2025W,2.76,B,completed,4,12.7,0.94
ENR-00404,STU-0050,MAC-COMP-8470,2025W,3.36,A-,completed,5,7.4,0.87
ENR-00405,STU-0050,MAC-COMP-8150,2025W,2.83,B,completed,3,13.0,0.66
ENR-00406,STU-0050,MAC-COMP-8220,2025S,3.23,B+,completed,3,13.4,0.56
ENR-00407,STU-0050,MAC-BU-7500,2025S,2.77,B,completed,4,8.9,0.60
ENR-00408,STU-0050,MAC-BU-7600,2025S,3.66,A-,completed,3,6.7,0.67
ENR-00409,STU-0050,MAC-BU-7700,2025F,3.11,B+,completed,4,9.9,0.52
ENR-00410,STU-0050,MAC-COMP-8720,2025F,2.86,B,completed,3,12.1,0.85
ENR-00411,STU-0050,MAC-COMP-8650,2025F,,,in-progress,,9.8,0.64
ENR-00412,STU-0050,MAC-COMP-8890,2025F,,,in-progress,,12.6,0.89
ENR-00413,STU-0051,MAC-COMP-8110,2025W,3.71,A,completed,5,10.3,0.83
ENR-00414,STU-0051,MAC-COMP-8150,2025S,,,in-progress,,8.5,0.56
ENR-00415,STU-0051,MAC-COMP-8220,2025S,3.28,B+,completed,3,7.5,0.71
ENR-00416,STU-0051,MAC-COMP-8470,2025S,3.06,B+,completed,5,12.0,0.60
ENR-00417,STU-0051,MAC-COMP-8250,2025S,,,in-progress,,14.0,0.86
ENR-00418,STU-0052,MAC-COMP-8110,2025W,2.99,B,completed,4,13.9,0.51
ENR-00419,STU-0052,MAC-COMP-8250,2025S,3.43,A-,completed,5,12.9,0.84
ENR-00420,STU-0052,MAC-COMP-8470,2025S,2.84,B,completed,5,12.4,0.85
ENR-00421,STU-0052,MAC-COMP-8150,2025S,3.29,B+,completed,4,12.6,0.61
ENR-00422,STU-0052,MAC-COMP-8220,2025S,,,in-progress,,10.4,0.50
ENR-00423,STU-0053,MAC-COMP-8110,2025W,3.90,A+,completed,4,13.0,0.86
ENR-00424,STU-0053,MAC-COMP-8150,2025S,3.80,A,completed,5,11.3,0.93
ENR-00425,STU-0053,MAC-COMP-8340,2025S,3.00,B+,completed,3,11.1,0.70
ENR-00426,STU-0053,MAC-COMP-8220,2025S,3.07,B+,completed,4,7.3,0.61
ENR-00427,STU-0053,MAC-COMP-8470,2025S,3.12,B+,completed,5,6.2,0.67
ENR-00428,STU-0053,MAC-COMP-8250,2025F,,,in-progress,,10.1,0.75
ENR-00429,STU-0053,MAC-BU-7500,2025F,2.81,B,completed,3,9.1,0.55
ENR-00430,STU-0053,MAC-BU-7700,2025F,3.48,A-,completed,5,7.4,0.54
ENR-00431,STU-0053,MAC-COMP-8890,2025F,2.49,B-,completed,5,8.4,0.54
ENR-00432,STU-0054,MAC-COMP-8110,2025F,3.57,A-,completed,5,7.0,0.57
ENR-00433,STU-0054,MAC-COMP-8250,2026W,3.77,A,completed,4,12.5,0.71
ENR-00434,STU-0054,MAC-COMP-8220,2026W,3.27,B+,completed,4,9.1,0.61
ENR-00435,STU-0054,MAC-COMP-8150,2026W,2.99,B,completed,3,9.2,0.78
ENR-00436,STU-0054,MAC-COMP-8470,2026W,3.69,A-,completed,4,10.6,0.91
ENR-00437,STU-0054,MAC-COMP-8340,2026S,3.05,B+,completed,5,11.5,0.78
ENR-00438,STU-0054,MAC-BU-7700,2026S,2.97,B,completed,5,9.8,0.85
ENR-00439,STU-0054,MAC-BU-7600,2026S,3.69,A-,completed,5,6.2,0.92
ENR-00440,STU-0054,MAC-BU-7500,2026F,3.07,B+,completed,4,10.4,0.60
ENR-00441,STU-0054,MAC-COMP-8830,2026F,,,in-progress,,10.4,0.54
ENR-00442,STU-0054,MAC-COMP-8720,2026F,,,in-progress,,13.2,0.59
ENR-00443,STU-0054,MAC-COMP-8890,2026F,,,in-progress,,10.6,0.90
ENR-00444,STU-0055,MAC-COMP-8110,2025F,3.16,B+,completed,5,13.2,0.47
ENR-00445,STU-0055,MAC-COMP-8340,2026W,3.24,B+,completed,4,10.3,0.64
ENR-00446,STU-0055,MAC-COMP-8470,2026W,,,withdrawn,,14.0,0.83
ENR-00447,STU-0055,MAC-COMP-8150,2026W,3.28,B+,completed,3,7.9,0.82
ENR-00448,STU-0055,MAC-COMP-8220,2026W,3.39,A-,completed,5,7.4,0.92
ENR-00449,STU-0055,MAC-COMP-8470,2026S,2.62,B-,completed,3,6.6,0.91
ENR-00450,STU-0055,MAC-COMP-8250,2026S,3.45,A-,completed,4,11.3,0.78
ENR-00451,STU-0055,MAC-BU-7600,2026S,3.48,A-,completed,3,6.6,0.74
ENR-00452,STU-0055,MAC-BU-7500,2026F,,,in-progress,,7.2,0.95
ENR-00453,STU-0055,MAC-BU-7700,2026F,,,in-progress,,6.3,0.51
ENR-00454,STU-0055,MAC-COMP-8720,2026F,4.00,A+,completed,5,11.0,0.87
ENR-00455,STU-0055,MAC-COMP-8890,2026F,,,in-progress,,9.7,0.54
ENR-00456,STU-0056,MAC-COMP-8110,2024F,3.43,A-,completed,4,12.1,0.83
ENR-00457,STU-0056,MAC-COMP-8220,2025W,3.95,A+,completed,4,13.3,0.67
ENR-00458,STU-0056,MAC-COMP-8470,2025W,2.97,B,completed,4,9.4,0.91
ENR-00459,STU-0056,MAC-COMP-8340,2025W,3.28,B+,completed,4,12.9,0.49
ENR-00460,STU-0056,MAC-COMP-8150,2025W,3.27,B+,completed,5,7.6,0.87
ENR-00461,STU-0056,MAC-COMP-8250,2025S,3.63,A-,completed,4,10.9,0.89
ENR-00462,STU-0056,MAC-BU-7600,2025S,,,in-progress,,7.8,0.75
ENR-00463,STU-0056,MAC-BU-7700,2025S,,,in-progress,,12.0,0.77
ENR-00464,STU-0056,MAC-COMP-8890,2025S,,,in-progress,,7.4,0.75
ENR-00465,STU-0057,MAC-COMP-8110,2025F,3.85,A,completed,5,8.7,0.86
ENR-00466,STU-0057,MAC-COMP-8250,2026W,3.06,B+,completed,5,11.6,0.80
ENR-00467,STU-0057,MAC-COMP-8470,2026W,3.48,A-,completed,3,10.4,0.93
ENR-00468,STU-0057,MAC-COMP-8340,2026W,3.27,B+,completed,5,9.6,0.86
ENR-00469,STU-0057,MAC-COMP-8150,2026W,3.72,A,completed,4,11.8,0.87
ENR-00470,STU-0057,MAC-COMP-8220,2026S,3.49,A-,completed,5,9.6,0.72
ENR-00471,STU-0057,MAC-BU-7700,2026S,3.01,B+,completed,4,11.8,0.82
ENR-00472,STU-0057,MAC-BU-7600,2026S,3.93,A+,completed,5,10.6,0.65
ENR-00473,STU-0057,MAC-BU-7500,2026F,3.06,B+,completed,5,11.0,0.84
ENR-00474,STU-0057,MAC-COMP-8650,2026F,,,in-progress,,13.0,0.47
ENR-00475,STU-0057,MAC-COMP-8780,2026F,2.80,B,completed,4,9.8,0.70
ENR-00476,STU-0057,MAC-COMP-8890,2026F,2.16,C+,completed,4,8.8,0.57
ENR-00477,STU-0058,MAC-COMP-8110,2024F,3.76,A,completed,3,11.5,0.51
ENR-00478,STU-0058,MAC-COMP-8220,2025W,3.97,A+,completed,4,6.5,0.65
ENR-00479,STU-0058,MAC-COMP-8150,2025W,3.18,B+,completed,4,13.5,0.94
ENR-00480,STU-0058,MAC-COMP-8470,2025W,3.60,A-,completed,4,9.6,0.71
ENR-00481,STU-0058,MAC-COMP-8250,2025W,2.44,B-,completed,3,8.2,0.51
ENR-00482,STU-0058,MAC-COMP-8340,2025S,3.21,B+,completed,4,8.2,0.64
ENR-00483,STU-0058,MAC-BU-7700,2025S,3.21,B+,completed,4,13.1,0.76
ENR-00484,STU-0058,MAC-BU-7600,2025S,,,in-progress,,12.7,0.52
ENR-00485,STU-0058,MAC-COMP-8890,2025S,,,in-progress,,12.6,0.92
ENR-00486,STU-0059,MAC-COMP-8110,2024F,3.79,A,completed,3,12.9,0.54
ENR-00487,STU-0059,MAC-COMP-8150,2025W,3.74,A,completed,3,12.9,0.48
ENR-00488,STU-0059,MAC-COMP-8250,2025W,3.00,B+,completed,4,13.5,0.76
ENR-00489,STU-0059,MAC-COMP-8470,2025W,,,withdrawn,,12.8,0.85
ENR-00490,STU-0059,MAC-COMP-8220,2025W,3.21,B+,completed,3,10.6,0.78
ENR-00491,STU-0059,MAC-COMP-8470,2025S,,,in-progress,,13.3,0.51
ENR-00492,STU-0059,MAC-COMP-8340,2025S,,,in-progress,,12.9,0.53
ENR-00493,STU-0059,MAC-BU-7500,2025S,3.26,B+,completed,4,14.0,0.62
ENR-00494,STU-0059,MAC-COMP-8890,2025S,3.45,A-,completed,5,6.7,0.82
ENR-00495,STU-0060,MAC-COMP-8110,2025F,3.08,B+,completed,3,6.6,0.66
ENR-00496,STU-0060,MAC-COMP-8250,2026W,3.42,A-,completed,5,12.8,0.71
ENR-00497,STU-0060,MAC-COMP-8220,2026W,3.39,A-,completed,3,7.2,0.78
ENR-00498,STU-0060,MAC-COMP-8470,2026W,2.39,B-,completed,4,11.5,0.65
ENR-00499,STU-0060,MAC-COMP-8340,2026W,3.57,A-,completed,3,10.0,0.48
ENR-00500,STU-0060,MAC-COMP-8150,2026S,,,in-progress,,8.1,0.62
ENR-00501,STU-0060,MAC-BU-7600,2026S,3.22,B+,completed,5,9.9,0.49
ENR-00502,STU-0060,MAC-BU-7500,2026S,,,in-progress,,7.9,0.95
ENR-00503,STU-0060,MAC-COMP-8890,2026S,2.80,B,completed,4,8.0,0.64
ENR-00504,STU-0061,MAC-COMP-8110,2025F,3.02,B+,completed,5,7.2,0.48
ENR-00505,STU-0061,MAC-COMP-8150,2026W,,,in-progress,,12.6,0.86
ENR-00506,STU-0061,MAC-COMP-8250,2026W,,,in-progress,,9.0,0.91
ENR-00507,STU-0061,MAC-COMP-8220,2026W,3.01,B+,completed,3,9.9,0.48
ENR-00508,STU-0061,MAC-COMP-8340,2026W,,,in-progress,,11.6,0.48
ENR-00509,STU-0062,MAC-COMP-8110,2025F,3.37,A-,completed,5,10.5,0.53
ENR-00510,STU-0062,MAC-COMP-8340,2026W,2.78,B,completed,5,8.8,0.57
ENR-00511,STU-0062,MAC-COMP-8220,2026W,3.78,A,completed,4,8.5,0.68
ENR-00512,STU-0062,MAC-COMP-8250,2026W,3.77,A,completed,4,8.5,0.92
ENR-00513,STU-0062,MAC-COMP-8150,2026W,3.31,A-,completed,3,10.7,0.60
ENR-00514,STU-0062,MAC-COMP-8470,2026S,3.48,A-,completed,3,6.3,0.56
ENR-00515,STU-0062,MAC-BU-7700,2026S,4.00,A+,completed,4,6.0,0.47
ENR-00516,STU-0062,MAC-BU-7600,2026S,3.39,A-,completed,4,9.1,0.79
ENR-00517,STU-0062,MAC-BU-7500,2026F,,,in-progress,,6.4,0.70
ENR-00518,STU-0062,MAC-COMP-8830,2026F,,,in-progress,,13.8,0.94
ENR-00519,STU-0062,MAC-COMP-8720,2026F,,,in-progress,,9.8,0.72
ENR-00520,STU-0062,MAC-COMP-8890,2026F,3.36,A-,completed,5,13.9,0.58
ENR-00521,STU-0063,MAC-COMP-8110,2025W,2.51,B-,completed,4,11.2,0.47
ENR-00522,STU-0063,MAC-COMP-8150,2025S,3.55,A-,completed,5,9.2,0.79
ENR-00523,STU-0063,MAC-COMP-8250,2025S,3.78,A,completed,3,6.1,0.86
ENR-00524,STU-0063,MAC-COMP-8220,2025S,4.00,A+,completed,3,13.9,0.60
ENR-00525,STU-0063,MAC-COMP-8470,2025S,,,withdrawn,,10.5,0.94
ENR-00526,STU-0063,MAC-COMP-8340,2025F,3.06,B+,completed,5,8.7,0.67
ENR-00527,STU-0063,MAC-COMP-8470,2025F,3.35,A-,completed,4,7.6,0.72
ENR-00528,STU-0063,MAC-BU-7700,2025F,3.17,B+,completed,3,8.2,0.47
ENR-00529,STU-0063,MAC-BU-7500,2026W,3.58,A-,completed,3,8.9,0.52
ENR-00530,STU-0063,MAC-BU-7600,2026W,,,in-progress,,10.0,0.66
ENR-00531,STU-0063,MAC-COMP-8720,2026W,3.61,A-,completed,3,11.4,0.54
ENR-00532,STU-0063,MAC-COMP-8890,2026W,2.80,B,completed,4,12.4,0.55
ENR-00533,STU-0064,MAC-COMP-8110,2024F,3.19,B+,completed,3,6.8,0.95
ENR-00534,STU-0064,MAC-COMP-8470,2025W,3.84,A,completed,4,13.9,0.60
ENR-00535,STU-0064,MAC-COMP-8220,2025W,3.28,B+,completed,4,11.2,0.95
ENR-00536,STU-0064,MAC-COMP-8150,2025W,,,withdrawn,,11.7,0.52
ENR-00537,STU-0064,MAC-COMP-8340,2025W,3.22,B+,completed,5,9.3,0.88
ENR-00538,STU-0064,MAC-COMP-8150,2025S,3.57,A-,completed,3,12.7,0.62
ENR-00539,STU-0064,MAC-COMP-8250,2025S,3.64,A-,completed,4,7.6,0.86
ENR-00540,STU-0064,MAC-BU-7700,2025S,3.28,B+,completed,5,11.4,0.61
ENR-00541,STU-0064,MAC-BU-7600,2025F,,,in-progress,,11.2,0.56
ENR-00542,STU-0064,MAC-BU-7500,2025F,3.24,B+,completed,3,9.0,0.59
ENR-00543,STU-0064,MAC-COMP-8830,2025F,2.74,B,completed,4,6.2,0.66
ENR-00544,STU-0064,MAC-COMP-8890,2025F,,,in-progress,,7.2,0.90
ENR-00545,STU-0065,MAC-COMP-8110,2025F,4.00,A+,completed,5,13.9,0.81
ENR-00546,STU-0065,MAC-COMP-8470,2026W,,,in-progress,,13.6,0.84
ENR-00547,STU-0065,MAC-COMP-8220,2026W,4.00,A+,completed,3,9.0,0.66
ENR-00548,STU-0065,MAC-COMP-8250,2026W,3.70,A,completed,5,10.0,0.83
ENR-00549,STU-0065,MAC-COMP-8150,2026W,2.79,B,completed,5,11.3,0.77
ENR-00550,STU-0066,MAC-COMP-8110,2025W,3.38,A-,completed,3,8.4,0.75
ENR-00551,STU-0066,MAC-COMP-8470,2025S,2.74,B,completed,3,13.6,0.54
ENR-00552,STU-0066,MAC-COMP-8340,2025S,3.19,B+,completed,4,13.9,0.69
ENR-00553,STU-0066,MAC-COMP-8220,2025S,3.19,B+,completed,4,8.2,0.89
ENR-00554,STU-0066,MAC-COMP-8250,2025S,3.74,A,completed,4,6.2,0.58
ENR-00555,STU-0066,MAC-COMP-8150,2025F,3.35,A-,completed,3,9.3,0.68
ENR-00556,STU-0066,MAC-BU-7700,2025F,3.04,B+,completed,3,13.7,0.60
ENR-00557,STU-0066,MAC-BU-7600,2025F,3.25,B+,completed,5,10.6,0.85
ENR-00558,STU-0066,MAC-BU-7500,2026W,3.06,B+,completed,4,13.7,0.80
ENR-00559,STU-0066,MAC-COMP-8780,2026W,3.41,A-,completed,3,11.7,0.81
ENR-00560,STU-0066,MAC-COMP-8830,2026W,,,in-progress,,11.1,0.89
ENR-00561,STU-0066,MAC-COMP-8890,2026W,3.37,A-,completed,4,11.9,0.48
ENR-00562,STU-0067,MAC-COMP-8110,2024F,3.20,B+,completed,4,8.1,0.49
ENR-00563,STU-0067,MAC-COMP-8250,2025W,3.59,A-,completed,5,6.1,0.61
ENR-00564,STU-0067,MAC-COMP-8220,2025W,3.56,A-,completed,5,13.0,0.49
ENR-00565,STU-0067,MAC-COMP-8150,2025W,,,in-progress,,8.2,0.47
ENR-00566,STU-0067,MAC-COMP-8470,2025W,,,in-progress,,12.6,0.50
ENR-00567,STU-0068,MAC-COMP-8110,2024F,,,withdrawn,,6.9,0.54
ENR-00568,STU-0068,MAC-COMP-8110,2025W,3.67,A-,completed,3,8.5,0.66
ENR-00569,STU-0068,MAC-BU-7500,2025W,3.07,B+,completed,5,12.9,0.71
ENR-00570,STU-0068,MAC-BU-7600,2025W,2.69,B-,completed,3,6.7,0.50
ENR-00571,STU-0068,MAC-BU-7700,2025W,2.85,B,completed,3,9.3,0.74
ENR-00572,STU-0068,MAC-COMP-8220,2025S,3.42,A-,completed,3,6.2,0.76
ENR-00573,STU-0068,MAC-COMP-8250,2025S,2.97,B,completed,5,13.5,0.54
ENR-00574,STU-0068,MAC-COMP-8150,2025S,2.80,B,completed,4,13.8,0.85
ENR-00575,STU-0068,MAC-COMP-8470,2025F,,,withdrawn,,11.3,0.94
ENR-00576,STU-0068,MAC-COMP-8340,2025F,,,in-progress,,8.2,0.85
ENR-00577,STU-0068,MAC-COMP-8720,2025F,2.97,B,completed,3,11.6,0.57
ENR-00578,STU-0068,MAC-COMP-8890,2025F,3.26,B+,completed,4,10.0,0.71
ENR-00579,STU-0069,MAC-COMP-8110,2024F,3.06,B+,completed,4,11.5,0.62
ENR-00580,STU-0069,MAC-COMP-8220,2025W,3.09,B+,completed,3,12.3,0.82
ENR-00581,STU-0069,MAC-COMP-8150,2025W,,,withdrawn,,11.4,0.79
ENR-00582,STU-0069,MAC-COMP-8470,2025W,3.11,B+,completed,5,11.7,0.93
ENR-00583,STU-0069,MAC-COMP-8340,2025W,2.72,B,completed,3,12.6,0.83
ENR-00584,STU-0069,MAC-COMP-8150,2025S,,,in-progress,,12.8,0.51
ENR-00585,STU-0069,MAC-COMP-8250,2025S,3.39,A-,completed,4,6.7,0.62
ENR-00586,STU-0069,MAC-BU-7600,2025S,3.06,B+,completed,4,9.6,0.73
ENR-00587,STU-0069,MAC-COMP-8890,2025S,2.89,B,completed,4,11.1,0.48
ENR-00588,STU-0070,MAC-COMP-8110,2025W,3.54,A-,completed,5,13.3,0.80
ENR-00589,STU-0070,MAC-COMP-8470,2025S,3.33,A-,completed,4,7.4,0.62
ENR-00590,STU-0070,MAC-COMP-8220,2025S,,,withdrawn,,7.9,0.52
ENR-00591,STU-0070,MAC-COMP-8340,2025S,2.95,B,completed,3,12.0,0.64
ENR-00592,STU-0070,MAC-COMP-8150,2025S,3.64,A-,completed,4,8.2,0.71
ENR-00593,STU-0070,MAC-COMP-8220,2025F,3.03,B+,completed,4,12.4,0.78
ENR-00594,STU-0070,MAC-COMP-8250,2025F,3.70,A,completed,3,8.5,0.59
ENR-00595,STU-0070,MAC-BU-7500,2025F,3.86,A,completed,4,9.9,0.80
ENR-00596,STU-0070,MAC-BU-7600,2026W,3.25,B+,completed,4,9.4,0.83
ENR-00597,STU-0070,MAC-BU-7700,2026W,2.78,B,completed,3,11.1,0.58
ENR-00598,STU-0070,MAC-COMP-8720,2026W,3.66,A-,completed,4,9.4,0.51
ENR-00599,STU-0070,MAC-COMP-8890,2026W,,,in-progress,,12.7,0.77
ENR-00600,STU-0071,MAC-COMP-8110,2025W,3.61,A-,completed,4,7.1,0.56
ENR-00601,STU-0071,MAC-COMP-8250,2025S,,,withdrawn,,9.9,0.78
ENR-00602,STU-0071,MAC-COMP-8220,2025S,2.95,B,completed,5,9.7,0.69
ENR-00603,STU-0071,MAC-COMP-8150,2025S,3.71,A,completed,4,10.6,0.73
ENR-00604,STU-0071,MAC-COMP-8470,2025S,3.75,A,completed,3,13.2,0.64
ENR-00605,STU-0071,MAC-COMP-8340,2025F,3.47,A-,completed,5,9.0,0.88
ENR-00606,STU-0071,MAC-COMP-8250,2025F,3.49,A-,completed,4,10.8,0.81
ENR-00607,STU-0071,MAC-BU-7700,2025F,3.92,A+,completed,5,8.3,0.50
ENR-00608,STU-0071,MAC-BU-7500,2026W,3.47,A-,completed,4,7.4,0.88
ENR-00609,STU-0071,MAC-BU-7600,2026W,2.78,B,completed,3,10.5,0.75
ENR-00610,STU-0071,MAC-COMP-8830,2026W,,,in-progress,,7.0,0.47
ENR-00611,STU-0071,MAC-COMP-8890,2026W,,,in-progress,,7.5,0.89
ENR-00612,STU-0072,MAC-COMP-8110,2025W,3.68,A-,completed,5,11.7,0.50
ENR-00613,STU-0072,MAC-COMP-8150,2025S,3.49,A-,completed,5,10.1,0.88
ENR-00614,STU-0072,MAC-COMP-8250,2025S,,,withdrawn,,10.3,0.50
ENR-00615,STU-0072,MAC-COMP-8220,2025S,3.77,A,completed,5,8.7,0.89
ENR-00616,STU-0072,MAC-COMP-8340,2025S,,,in-progress,,6.6,0.92
ENR-00617,STU-0073,MAC-COMP-8110,2025F,3.77,A,completed,4,13.9,0.60
ENR-00618,STU-0073,MAC-COMP-8470,2026W,3.23,B+,completed,4,11.9,0.45
ENR-00619,STU-0073,MAC-COMP-8250,2026W,3.05,B+,completed,4,7.4,0.51
ENR-00620,STU-0073,MAC-COMP-8340,2026W,3.49,A-,completed,4,8.5,0.75
ENR-00621,STU-0073,MAC-COMP-8220,2026W,2.42,B-,completed,5,11.6,0.81
ENR-00622,STU-0074,MAC-COMP-8110,2025F,3.51,A-,completed,4,12.3,0.56
ENR-00623,STU-0074,MAC-COMP-8470,2026W,3.67,A-,completed,4,6.1,0.56
ENR-00624,STU-0074,MAC-COMP-8220,2026W,2.66,B-,completed,5,7.8,0.75
ENR-00625,STU-0074,MAC-COMP-8340,2026W,3.48,A-,completed,3,12.6,0.72
ENR-00626,STU-0074,MAC-COMP-8150,2026W,,,in-progress,,6.3,0.58
ENR-00627,STU-0075,MAC-COMP-8110,2024F,3.24,B+,completed,4,6.6,0.53
ENR-00628,STU-0075,MAC-COMP-8470,2025W,3.67,A-,completed,4,9.3,0.70
ENR-00629,STU-0075,MAC-COMP-8150,2025W,,,withdrawn,,9.0,0.65
ENR-00630,STU-0075,MAC-COMP-8250,2025W,,,in-progress,,11.1,0.87
ENR-00631,STU-0075,MAC-COMP-8220,2025W,,,in-progress,,7.1,0.49
ENR-00632,STU-0076,MAC-COMP-8110,2024F,2.98,B,completed,3,9.5,0.82
ENR-00633,STU-0076,MAC-COMP-8150,2025W,2.75,B,completed,5,6.5,0.94
ENR-00634,STU-0076,MAC-COMP-8250,2025W,,,in-progress,,12.7,0.71
ENR-00635,STU-0076,MAC-COMP-8340,2025W,2.91,B,completed,5,7.3,0.47
ENR-00636,STU-0076,MAC-COMP-8470,2025W,,,in-progress,,11.6,0.51
ENR-00637,STU-0077,MAC-COMP-8110,2025F,3.01,B+,completed,4,13.9,0.84
ENR-00638,STU-0077,MAC-COMP-8470,2026W,3.22,B+,completed,4,7.6,0.63
ENR-00639,STU-0077,MAC-COMP-8340,2026W,3.42,A-,completed,3,6.0,0.50
ENR-00640,STU-0077,MAC-COMP-8150,2026W,3.76,A,completed,3,11.1,0.64
ENR-00641,STU-0077,MAC-COMP-8220,2026W,3.33,A-,completed,3,10.7,0.72
ENR-00642,STU-0077,MAC-COMP-8250,2026S,,,withdrawn,,9.3,0.87
ENR-00643,STU-0077,MAC-BU-7500,2026S,2.52,B-,completed,5,8.7,0.73
ENR-00644,STU-0077,MAC-BU-7700,2026S,,,in-progress,,10.2,0.80
ENR-00645,STU-0077,MAC-COMP-8890,2026S,,,in-progress,,9.3,0.54
ENR-00646,STU-0078,MAC-COMP-8110,2025F,3.97,A+,completed,3,12.9,0.80
ENR-00647,STU-0078,MAC-COMP-8470,2026W,2.99,B,completed,5,11.9,0.75
ENR-00648,STU-0078,MAC-COMP-8250,2026W,2.88,B,completed,3,10.6,0.56
ENR-00649,STU-0078,MAC-COMP-8150,2026W,3.48,A-,completed,3,8.8,0.87
ENR-00650,STU-0078,MAC-COMP-8220,2026W,2.49,B-,completed,5,12.3,0.48
ENR-00651,STU-0078,MAC-COMP-8340,2026S,,,withdrawn,,12.8,0.50
ENR-00652,STU-0078,MAC-BU-7600,2026S,3.78,A,completed,3,7.4,0.70
ENR-00653,STU-0078,MAC-BU-7700,2026S,3.00,B+,completed,5,11.8,0.87
ENR-00654,STU-0078,MAC-COMP-8890,2026S,,,in-progress,,11.0,0.81
ENR-00655,STU-0079,MAC-COMP-8110,2025F,3.14,B+,completed,3,12.3,0.82
ENR-00656,STU-0079,MAC-COMP-8470,2026W,,,in-progress,,8.7,0.56
ENR-00657,STU-0079,MAC-COMP-8150,2026W,3.49,A-,completed,4,12.8,0.86
ENR-00658,STU-0079,MAC-COMP-8220,2026W,,,in-progress,,6.8,0.88
ENR-00659,STU-0079,MAC-COMP-8340,2026W,,,in-progress,,12.0,0.92
ENR-00660,STU-0080,MAC-COMP-8110,2025F,3.12,B+,completed,4,10.2,0.70
ENR-00661,STU-0080,MAC-COMP-8250,2026W,3.43,A-,completed,3,13.0,0.80
ENR-00662,STU-0080,MAC-COMP-8470,2026W,3.64,A-,completed,4,6.1,0.81
ENR-00663,STU-0080,MAC-COMP-8340,2026W,3.61,A-,completed,3,7.1,0.77
ENR-00664,STU-0080,MAC-COMP-8220,2026W,2.98,B,completed,5,12.8,0.87
ENR-00665,STU-0081,MAC-COMP-8110,2024F,2.76,B,completed,3,6.1,0.95
ENR-00666,STU-0081,MAC-COMP-8150,2025W,3.38,A-,completed,3,8.7,0.72
ENR-00667,STU-0081,MAC-COMP-8340,2025W,3.00,B+,completed,3,9.8,0.74
ENR-00668,STU-0081,MAC-COMP-8470,2025W,3.65,A-,completed,5,10.1,0.75
ENR-00669,STU-0081,MAC-COMP-8250,2025W,3.41,A-,completed,5,8.1,0.83
ENR-00670,STU-0081,MAC-COMP-8220,2025S,,,withdrawn,,10.0,0.73
ENR-00671,STU-0081,MAC-BU-7500,2025S,,,in-progress,,8.7,0.61
ENR-00672,STU-0081,MAC-BU-7600,2025S,,,in-progress,,10.1,0.48
ENR-00673,STU-0081,MAC-COMP-8890,2025S,2.94,B,completed,4,6.1,0.78
ENR-00674,STU-0082,MAC-COMP-8110,2025W,3.42,A-,completed,3,9.2,0.69
ENR-00675,STU-0082,MAC-COMP-8150,2025S,3.90,A+,completed,3,12.6,0.56
ENR-00676,STU-0082,MAC-COMP-8470,2025S,3.17,B+,completed,4,8.7,0.59
ENR-00677,STU-0082,MAC-COMP-8250,2025S,4.00,A+,completed,5,6.4,0.76
ENR-00678,STU-0082,MAC-COMP-8220,2025S,,,in-progress,,6.2,0.87
ENR-00679,STU-0083,MAC-COMP-8110,2024F,3.57,A-,completed,5,9.4,0.84
ENR-00680,STU-0083,MAC-COMP-8220,2025W,2.64,B-,completed,5,11.7,0.83
ENR-00681,STU-0083,MAC-COMP-8150,2025W,3.65,A-,completed,5,10.0,0.53
ENR-00682,STU-0083,MAC-COMP-8470,2025W,3.37,A-,completed,5,6.1,0.80
ENR-00683,STU-0083,MAC-COMP-8250,2025W,3.17,B+,completed,5,10.7,0.83
ENR-00684,STU-0083,MAC-COMP-8340,2025S,4.00,A+,completed,4,9.1,0.85
ENR-00685,STU-0083,MAC-BU-7700,2025S,3.47,A-,completed,3,12.5,0.63
ENR-00686,STU-0083,MAC-BU-7500,2025S,3.02,B+,completed,4,9.3,0.79
ENR-00687,STU-0083,MAC-BU-7600,2025F,2.98,B,completed,5,12.0,0.50
ENR-00688,STU-0083,MAC-COMP-8780,2025F,3.01,B+,completed,3,6.4,0.61
ENR-00689,STU-0083,MAC-COMP-8830,2025F,,,in-progress,,12.7,0.90
ENR-00690,STU-0083,MAC-COMP-8890,2025F,,,in-progress,,14.0,0.50
ENR-00691,STU-0084,MAC-COMP-8110,2025W,3.91,A+,completed,4,13.7,0.87
ENR-00692,STU-0084,MAC-COMP-8220,2025S,3.21,B+,completed,3,13.2,0.86
ENR-00693,STU-0084,MAC-COMP-8250,2025S,2.36,B-,completed,5,7.2,0.65
ENR-00694,STU-0084,MAC-COMP-8150,2025S,3.39,A-,completed,5,13.7,0.66
ENR-00695,STU-0084,MAC-COMP-8470,2025S,2.97,B,completed,4,8.3,0.56
ENR-00696,STU-0084,MAC-COMP-8340,2025F,3.46,A-,completed,4,7.8,0.64
ENR-00697,STU-0084,MAC-BU-7600,2025F,2.85,B,completed,4,13.0,0.87
ENR-00698,STU-0084,MAC-BU-7500,2025F,2.89,B,completed,3,8.9,0.86
ENR-00699,STU-0084,MAC-BU-7700,2026W,,,in-progress,,13.9,0.63
ENR-00700,STU-0084,MAC-COMP-8720,2026W,2.89,B,completed,5,11.6,0.57
ENR-00701,STU-0084,MAC-COMP-8650,2026W,,,in-progress,,7.3,0.48
ENR-00702,STU-0084,MAC-COMP-8890,2026W,,,in-progress,,8.3,0.88
ENR-00703,STU-0085,MAC-COMP-8110,2024F,3.26,B+,completed,3,6.5,0.46
ENR-00704,STU-0085,MAC-COMP-8470,2025W,,,in-progress,,9.8,0.95
ENR-00705,STU-0085,MAC-COMP-8250,2025W,3.57,A-,completed,5,11.5,0.86
ENR-00706,STU-0085,MAC-COMP-8220,2025W,3.77,A,completed,3,8.2,0.82
ENR-00707,STU-0085,MAC-COMP-8340,2025W,3.91,A+,completed,3,12.0,0.62
ENR-00708,STU-0086,MAC-COMP-8110,2025F,4.00,A+,completed,4,13.5,0.69
ENR-00709,STU-0086,MAC-COMP-8470,2026W,4.00,A+,completed,4,9.3,0.54
ENR-00710,STU-0086,MAC-COMP-8220,2026W,2.41,B-,completed,5,10.0,0.92
ENR-00711,STU-0086,MAC-COMP-8340,2026W,,,withdrawn,,8.4,0.63
ENR-00712,STU-0086,MAC-COMP-8250,2026W,2.88,B,completed,5,12.6,0.72
ENR-00713,STU-0086,MAC-COMP-8150,2026S,3.27,B+,completed,3,7.5,0.92
ENR-00714,STU-0086,MAC-COMP-8340,2026S,,,in-progress,,12.9,0.75
ENR-00715,STU-0086,MAC-BU-7600,2026S,3.20,B+,completed,3,13.0,0.67
ENR-00716,STU-0086,MAC-COMP-8890,2026S,,,withdrawn,,9.0,0.58
ENR-00717,STU-0087,MAC-COMP-8110,2025W,2.63,B-,completed,5,9.1,0.64
ENR-00718,STU-0087,MAC-COMP-8470,2025S,3.18,B+,completed,4,10.1,0.64
ENR-00719,STU-0087,MAC-COMP-8150,2025S,3.20,B+,completed,3,11.9,0.66
ENR-00720,STU-0087,MAC-COMP-8220,2025S,3.38,A-,completed,5,10.9,0.57
ENR-00721,STU-0087,MAC-COMP-8340,2025S,2.54,B-,completed,4,12.9,0.62
ENR-00722,STU-0087,MAC-COMP-8250,2025F,,,in-progress,,7.0,0.46
ENR-00723,STU-0087,MAC-BU-7500,2025F,,,in-progress,,7.3,0.65
ENR-00724,STU-0087,MAC-BU-7600,2025F,,,in-progress,,11.7,0.69
ENR-00725,STU-0087,MAC-COMP-8890,2025F,,,withdrawn,,11.3,0.52
ENR-00726,STU-0088,MAC-COMP-8110,2024F,3.60,A-,completed,3,11.4,0.64
ENR-00727,STU-0088,MAC-COMP-8220,2025W,3.27,B+,completed,4,11.4,0.93
ENR-00728,STU-0088,MAC-COMP-8340,2025W,3.25,B+,completed,5,13.7,0.55
ENR-00729,STU-0088,MAC-COMP-8150,2025W,3.00,B+,completed,3,9.7,0.70
ENR-00730,STU-0088,MAC-COMP-8250,2025W,3.23,B+,completed,3,12.6,0.82
ENR-00731,STU-0088,MAC-COMP-8470,2025S,3.81,A,completed,5,7.4,0.88
ENR-00732,STU-0088,MAC-BU-7500,2025S,,,in-progress,,10.7,0.52
ENR-00733,STU-0088,MAC-BU-7700,2025S,3.44,A-,completed,4,8.2,0.60
ENR-00734,STU-0088,MAC-COMP-8890,2025S,3.36,A-,completed,3,10.7,0.77
ENR-00735,STU-0089,MAC-COMP-8110,2024F,3.23,B+,completed,5,11.2,0.90
ENR-00736,STU-0089,MAC-COMP-8470,2025W,3.38,A-,completed,4,7.5,0.94
ENR-00737,STU-0089,MAC-COMP-8220,2025W,2.72,B,completed,4,12.9,0.69
ENR-00738,STU-0089,MAC-COMP-8150,2025W,3.49,A-,completed,3,12.6,0.92
ENR-00739,STU-0089,MAC-COMP-8250,2025W,3.33,A-,completed,4,13.4,0.72
ENR-00740,STU-0089,MAC-COMP-8340,2025S,3.34,A-,completed,5,11.0,0.56
ENR-00741,STU-0089,MAC-BU-7500,2025S,3.09,B+,completed,3,6.1,0.55
ENR-00742,STU-0089,MAC-BU-7600,2025S,3.25,B+,completed,5,11.4,0.89
ENR-00743,STU-0089,MAC-BU-7700,2025F,2.76,B,completed,3,8.6,0.80
ENR-00744,STU-0089,MAC-COMP-8720,2025F,3.26,B+,completed,3,9.9,0.47
ENR-00745,STU-0089,MAC-COMP-8650,2025F,,,in-progress,,7.8,0.61
ENR-00746,STU-0089,MAC-COMP-8890,2025F,3.37,A-,completed,4,8.1,0.65
ENR-00747,STU-0090,MAC-COMP-8110,2025W,4.00,A+,completed,5,11.6,0.58
ENR-00748,STU-0090,MAC-COMP-8150,2025S,3.34,A-,completed,3,9.2,0.53
ENR-00749,STU-0090,MAC-COMP-8470,2025S,,,in-progress,,10.2,0.47
ENR-00750,STU-0090,MAC-COMP-8250,2025S,3.75,A,completed,5,10.9,0.61
ENR-00751,STU-0090,MAC-COMP-8220,2025S,,,in-progress,,7.5,0.88
ENR-00752,STU-0091,MAC-COMP-8110,2024F,3.04,B+,completed,3,11.1,0.68
ENR-00753,STU-0091,MAC-COMP-8150,2025W,3.33,A-,completed,3,8.0,0.77
ENR-00754,STU-0091,MAC-COMP-8470,2025W,3.57,A-,completed,5,13.9,0.92
ENR-00755,STU-0091,MAC-COMP-8220,2025W,2.76,B,completed,5,7.2,0.47
ENR-00756,STU-0091,MAC-COMP-8340,2025W,3.47,A-,completed,4,9.3,0.58
ENR-00757,STU-0092,MAC-COMP-8110,2025F,2.83,B,completed,4,10.1,0.76
ENR-00758,STU-0092,MAC-COMP-8340,2026W,3.47,A-,completed,3,6.8,0.80
ENR-00759,STU-0092,MAC-COMP-8250,2026W,3.30,A-,completed,3,7.7,0.65
ENR-00760,STU-0092,MAC-COMP-8150,2026W,3.76,A,completed,4,7.6,0.87
ENR-00761,STU-0092,MAC-COMP-8220,2026W,4.00,A+,completed,3,11.2,0.52
ENR-00762,STU-0092,MAC-COMP-8470,2026S,,,in-progress,,10.4,0.60
ENR-00763,STU-0092,MAC-BU-7700,2026S,4.00,A+,completed,3,11.5,0.86
ENR-00764,STU-0092,MAC-BU-7600,2026S,,,in-progress,,11.0,0.54
ENR-00765,STU-0092,MAC-COMP-8890,2026S,3.64,A-,completed,5,12.7,0.86
ENR-00766,STU-0093,MAC-COMP-8110,2024F,3.12,B+,completed,4,13.2,0.74
ENR-00767,STU-0093,MAC-COMP-8250,2025W,3.62,A-,completed,4,9.9,0.63
ENR-00768,STU-0093,MAC-COMP-8150,2025W,,,in-progress,,9.2,0.76
ENR-00769,STU-0093,MAC-COMP-8340,2025W,,,in-progress,,10.7,0.46
ENR-00770,STU-0093,MAC-COMP-8220,2025W,,,in-progress,,7.9,0.92
ENR-00771,STU-0094,MAC-COMP-8110,2025W,3.00,B+,completed,3,11.5,0.58
ENR-00772,STU-0094,MAC-COMP-8340,2025S,3.21,B+,completed,5,9.0,0.69
ENR-00773,STU-0094,MAC-COMP-8150,2025S,3.04,B+,completed,4,7.5,0.46
ENR-00774,STU-0094,MAC-COMP-8220,2025S,3.10,B+,completed,3,10.9,0.94
ENR-00775,STU-0094,MAC-COMP-8470,2025S,2.77,B,completed,5,9.8,0.80
ENR-00776,STU-0094,MAC-COMP-8250,2025F,3.89,A,completed,3,7.2,0.52
ENR-00777,STU-0094,MAC-BU-7600,2025F,3.21,B+,completed,3,10.2,0.85
ENR-00778,STU-0094,MAC-BU-7700,2025F,3.81,A,completed,4,11.2,0.58
ENR-00779,STU-0094,MAC-BU-7500,2026W,3.23,B+,completed,3,7.2,0.85
ENR-00780,STU-0094,MAC-COMP-8650,2026W,,,in-progress,,6.5,0.59
ENR-00781,STU-0094,MAC-COMP-8780,2026W,,,in-progress,,9.0,0.88
ENR-00782,STU-0094,MAC-COMP-8890,2026W,3.33,A-,completed,5,13.8,0.69
ENR-00783,STU-0095,MAC-COMP-8110,2025F,2.86,B,completed,3,8.1,0.64
ENR-00784,STU-0095,MAC-COMP-8220,2026W,4.00,A+,completed,4,9.0,0.76
ENR-00785,STU-0095,MAC-COMP-8340,2026W,3.61,A-,completed,5,13.0,0.87
ENR-00786,STU-0095,MAC-COMP-8470,2026W,3.38,A-,completed,5,8.8,0.92
ENR-00787,STU-0095,MAC-COMP-8150,2026W,3.64,A-,completed,5,11.1,0.85
ENR-00788,STU-0095,MAC-COMP-8250,2026S,3.36,A-,completed,3,8.7,0.77
ENR-00789,STU-0095,MAC-BU-7600,2026S,3.32,A-,completed,5,13.7,0.67
ENR-00790,STU-0095,MAC-BU-7500,2026S,3.41,A-,completed,3,7.4,0.81
ENR-00791,STU-0095,MAC-BU-7700,2026F,,,withdrawn,,7.4,0.72
ENR-00792,STU-0095,MAC-COMP-8830,2026F,3.58,A-,completed,3,6.6,0.73
ENR-00793,STU-0095,MAC-COMP-8720,2026F,,,in-progress,,13.1,0.47
ENR-00794,STU-0095,MAC-COMP-8890,2026F,,,in-progress,,10.3,0.61
ENR-00795,STU-0096,MAC-COMP-8110,2024F,3.71,A,completed,4,11.4,0.63
ENR-00796,STU-0096,MAC-COMP-8340,2025W,2.49,B-,completed,5,11.4,0.57
ENR-00797,STU-0096,MAC-COMP-8150,2025W,3.16,B+,completed,5,13.9,0.53
ENR-00798,STU-0096,MAC-COMP-8250,2025W,3.84,A,completed,4,11.5,0.61
ENR-00799,STU-0096,MAC-COMP-8220,2025W,2.94,B,completed,5,7.3,0.54
ENR-00800,STU-0096,MAC-COMP-8470,2025S,3.53,A-,completed,4,9.3,0.80
ENR-00801,STU-0096,MAC-BU-7600,2025S,2.61,B-,completed,3,8.0,0.81
ENR-00802,STU-0096,MAC-BU-7700,2025S,3.32,A-,completed,5,12.0,0.86
ENR-00803,STU-0096,MAC-BU-7500,2025F,,,in-progress,,14.0,0.79
ENR-00804,STU-0096,MAC-COMP-8830,2025F,3.51,A-,completed,3,6.9,0.57
ENR-00805,STU-0096,MAC-COMP-8720,2025F,,,in-progress,,11.6,0.62
ENR-00806,STU-0096,MAC-COMP-8890,2025F,,,in-progress,,8.3,0.79
ENR-00807,STU-0097,MAC-COMP-8110,2024F,3.73,A,completed,3,7.7,0.57
ENR-00808,STU-0097,MAC-COMP-8340,2025W,3.28,B+,completed,3,12.6,0.68
ENR-00809,STU-0097,MAC-COMP-8250,2025W,3.47,A-,completed,5,9.0,0.69
ENR-00810,STU-0097,MAC-COMP-8470,2025W,3.75,A,completed,3,13.0,0.94
ENR-00811,STU-0097,MAC-COMP-8150,2025W,3.40,A-,completed,4,7.5,0.51
ENR-00812,STU-0097,MAC-COMP-8220,2025S,3.21,B+,completed,5,10.1,0.57
ENR-00813,STU-0097,MAC-BU-7600,2025S,2.62,B-,completed,4,13.7,0.58
ENR-00814,STU-0097,MAC-BU-7500,2025S,3.23,B+,completed,5,7.9,0.47
ENR-00815,STU-0097,MAC-BU-7700,2025F,,,in-progress,,11.7,0.84
ENR-00816,STU-0097,MAC-COMP-8650,2025F,3.43,A-,completed,5,7.6,0.73
ENR-00817,STU-0097,MAC-COMP-8720,2025F,3.85,A,completed,4,11.5,0.50
ENR-00818,STU-0097,MAC-COMP-8890,2025F,,,in-progress,,13.3,0.93
ENR-00819,STU-0098,MAC-COMP-8110,2025W,3.17,B+,completed,4,10.9,0.69
ENR-00820,STU-0098,MAC-COMP-8470,2025S,3.61,A-,completed,3,12.7,0.83
ENR-00821,STU-0098,MAC-COMP-8250,2025S,3.51,A-,completed,4,10.3,0.79
ENR-00822,STU-0098,MAC-COMP-8150,2025S,2.72,B,completed,3,6.7,0.83
ENR-00823,STU-0098,MAC-COMP-8220,2025S,3.82,A,completed,3,8.1,0.53
ENR-00824,STU-0098,MAC-COMP-8340,2025F,,,in-progress,,7.5,0.63
ENR-00825,STU-0098,MAC-BU-7500,2025F,2.89,B,completed,4,13.1,0.50
ENR-00826,STU-0098,MAC-BU-7700,2025F,2.85,B,completed,5,6.8,0.92
ENR-00827,STU-0098,MAC-COMP-8890,2025F,,,in-progress,,13.0,0.59
ENR-00828,STU-0099,MAC-COMP-8110,2025W,,,withdrawn,,6.7,0.69
ENR-00829,STU-0099,MAC-COMP-8110,2025S,3.89,A,completed,5,9.5,0.88
ENR-00830,STU-0099,MAC-BU-7500,2025S,3.21,B+,completed,5,12.4,0.76
ENR-00831,STU-0099,MAC-BU-7700,2025S,3.92,A+,completed,5,11.0,0.86
ENR-00832,STU-0099,MAC-BU-7600,2025S,4.00,A+,completed,5,8.8,0.68
ENR-00833,STU-0099,MAC-COMP-8340,2025F,3.98,A+,completed,5,13.7,0.69
ENR-00834,STU-0099,MAC-COMP-8220,2025F,3.43,A-,completed,3,11.0,0.58
ENR-00835,STU-0099,MAC-COMP-8150,2025F,2.96,B,completed,5,10.2,0.57
ENR-00836,STU-0099,MAC-COMP-8250,2026W,,,in-progress,,9.7,0.61
ENR-00837,STU-0099,MAC-COMP-8470,2026W,,,in-progress,,6.9,0.65
ENR-00838,STU-0099,MAC-COMP-8830,2026W,2.54,B-,completed,3,8.5,0.68
ENR-00839,STU-0099,MAC-COMP-8890,2026W,,,in-progress,,12.1,0.51
ENR-00840,STU-0100,MAC-COMP-8110,2025W,2.87,B,completed,3,10.8,0.83
ENR-00841,STU-0100,MAC-COMP-8150,2025S,3.19,B+,completed,3,11.2,0.55
ENR-00842,STU-0100,MAC-COMP-8250,2025S,3.60,A-,completed,3,6.5,0.66
ENR-00843,STU-0100,MAC-COMP-8340,2025S,2.61,B-,completed,3,13.6,0.64
ENR-00844,STU-0100,MAC-COMP-8470,2025S,3.00,B+,completed,5,13.0,0.68
ENR-00845,STU-0100,MAC-COMP-8220,2025F,3.06,B+,completed,5,13.8,0.84
ENR-00846,STU-0100,MAC-BU-7700,2025F,3.61,A-,completed,3,9.1,0.63
ENR-00847,STU-0100,MAC-BU-7500,2025F,3.98,A+,completed,5,10.6,0.78
ENR-00848,STU-0100,MAC-BU-7600,2026W,2.83,B,completed,5,8.1,0.53
ENR-00849,STU-0100,MAC-COMP-8720,2026W,,,in-progress,,10.6,0.89
ENR-00850,STU-0100,MAC-COMP-8780,2026W,3.84,A,completed,5,12.6,0.49
ENR-00851,STU-0100,MAC-COMP-8890,2026W,3.95,A+,completed,5,7.2,0.85
ENR-00852,STU-0101,MAC-COMP-8110,2024F,2.78,B,completed,4,7.0,0.90
ENR-00853,STU-0101,MAC-COMP-8220,2025W,3.21,B+,completed,4,13.8,0.82
ENR-00854,STU-0101,MAC-COMP-8340,2025W,3.49,A-,completed,4,11.7,0.61
ENR-00855,STU-0101,MAC-COMP-8250,2025W,3.31,A-,completed,4,8.1,0.68
ENR-00856,STU-0101,MAC-COMP-8150,2025W,3.19,B+,completed,5,8.9,0.47
ENR-00857,STU-0101,MAC-COMP-8470,2025S,3.99,A+,completed,3,8.0,0.62
ENR-00858,STU-0101,MAC-BU-7600,2025S,3.04,B+,completed,4,7.1,0.53
ENR-00859,STU-0101,MAC-BU-7500,2025S,2.54,B-,completed,5,12.8,0.71
ENR-00860,STU-0101,MAC-BU-7700,2025F,2.41,B-,completed,3,13.2,0.50
ENR-00861,STU-0101,MAC-COMP-8830,2025F,,,in-progress,,14.0,0.86
ENR-00862,STU-0101,MAC-COMP-8780,2025F,,,in-progress,,6.5,0.72
ENR-00863,STU-0101,MAC-COMP-8890,2025F,,,in-progress,,7.7,0.56
ENR-00864,STU-0102,MAC-COMP-8110,2025W,2.98,B,completed,5,8.3,0.76
ENR-00865,STU-0102,MAC-COMP-8150,2025S,3.23,B+,completed,3,7.6,0.52
ENR-00866,STU-0102,MAC-COMP-8340,2025S,2.94,B,completed,3,10.1,0.49
ENR-00867,STU-0102,MAC-COMP-8220,2025S,2.57,B-,completed,3,13.7,0.67
ENR-00868,STU-0102,MAC-COMP-8470,2025S,3.09,B+,completed,4,13.2,0.69
ENR-00869,STU-0102,MAC-COMP-8250,2025F,3.32,A-,completed,5,8.3,0.52
ENR-00870,STU-0102,MAC-BU-7500,2025F,3.29,B+,completed,5,12.8,0.57
ENR-00871,STU-0102,MAC-BU-7700,2025F,3.63,A-,completed,5,6.2,0.72
ENR-00872,STU-0102,MAC-BU-7600,2026W,,,in-progress,,8.8,0.74
ENR-00873,STU-0102,MAC-COMP-8780,2026W,,,in-progress,,8.2,0.56
ENR-00874,STU-0102,MAC-COMP-8650,2026W,,,in-progress,,13.5,0.81
ENR-00875,STU-0102,MAC-COMP-8890,2026W,3.59,A-,completed,3,13.6,0.63
ENR-00876,STU-0103,MAC-COMP-8110,2024F,3.08,B+,completed,5,10.8,0.76
ENR-00877,STU-0103,MAC-COMP-8150,2025W,3.21,B+,completed,3,7.3,0.48
ENR-00878,STU-0103,MAC-COMP-8250,2025W,3.93,A+,completed,5,10.0,0.46
ENR-00879,STU-0103,MAC-COMP-8340,2025W,2.87,B,completed,4,13.3,0.63
ENR-00880,STU-0103,MAC-COMP-8220,2025W,3.32,A-,completed,4,8.2,0.70
ENR-00881,STU-0104,MAC-COMP-8110,2025F,3.17,B+,completed,5,6.7,0.84
ENR-00882,STU-0104,MAC-COMP-8250,2026W,3.27,B+,completed,4,13.6,0.75
ENR-00883,STU-0104,MAC-COMP-8470,2026W,3.49,A-,completed,3,12.7,0.59
ENR-00884,STU-0104,MAC-COMP-8150,2026W,3.91,A+,completed,3,12.5,0.71
ENR-00885,STU-0104,MAC-COMP-8220,2026W,3.51,A-,completed,4,8.5,0.61
ENR-00886,STU-0104,MAC-COMP-8340,2026S,,,in-progress,,12.1,0.82
ENR-00887,STU-0104,MAC-BU-7700,2026S,2.71,B,completed,5,8.7,0.91
ENR-00888,STU-0104,MAC-BU-7500,2026S,3.30,A-,completed,4,11.5,0.67
ENR-00889,STU-0104,MAC-COMP-8890,2026S,,,in-progress,,10.2,0.95
ENR-00890,STU-0105,MAC-COMP-8110,2024F,3.38,A-,completed,5,11.7,0.86
ENR-00891,STU-0105,MAC-COMP-8250,2025W,,,in-progress,,14.0,0.45
ENR-00892,STU-0105,MAC-COMP-8340,2025W,,,in-progress,,12.9,0.53
ENR-00893,STU-0105,MAC-COMP-8150,2025W,2.71,B,completed,4,13.8,0.74
ENR-00894,STU-0105,MAC-COMP-8470,2025W,3.76,A,completed,4,6.5,0.50
ENR-00895,STU-0106,MAC-COMP-8110,2025F,3.06,B+,completed,5,12.7,0.84
ENR-00896,STU-0106,MAC-COMP-8470,2026W,3.78,A,completed,5,6.4,0.47
ENR-00897,STU-0106,MAC-COMP-8340,2026W,3.35,A-,completed,3,6.8,0.67
ENR-00898,STU-0106,MAC-COMP-8220,2026W,3.23,B+,completed,5,13.6,0.84
ENR-00899,STU-0106,MAC-COMP-8250,2026W,3.34,A-,completed,5,11.5,0.66
ENR-00900,STU-0106,MAC-COMP-8150,2026S,2.89,B,completed,4,12.8,0.95
ENR-00901,STU-0106,MAC-BU-7600,2026S,,,in-progress,,6.6,0.81
ENR-00902,STU-0106,MAC-BU-7500,2026S,,,in-progress,,11.3,0.65
ENR-00903,STU-0106,MAC-COMP-8890,2026S,2.96,B,completed,3,13.9,0.88
ENR-00904,STU-0107,MAC-COMP-8110,2025W,3.50,A-,completed,4,8.4,0.89
ENR-00905,STU-0107,MAC-COMP-8150,2025S,,,withdrawn,,11.5,0.90
ENR-00906,STU-0107,MAC-COMP-8220,2025S,2.94,B,completed,3,8.2,0.88
ENR-00907,STU-0107,MAC-COMP-8340,2025S,2.92,B,completed,4,9.1,0.46
ENR-00908,STU-0107,MAC-COMP-8250,2025S,,,withdrawn,,11.9,0.78
ENR-00909,STU-0107,MAC-COMP-8250,2025F,3.66,A-,completed,3,7.3,0.86
ENR-00910,STU-0107,MAC-COMP-8150,2025F,3.31,A-,completed,4,8.9,0.47
ENR-00911,STU-0107,MAC-COMP-8470,2025F,3.56,A-,completed,4,8.2,0.67
ENR-00912,STU-0107,MAC-BU-7600,2026W,3.72,A,completed,5,8.8,0.66
ENR-00913,STU-0107,MAC-BU-7500,2026W,,,in-progress,,9.2,0.90
ENR-00914,STU-0107,MAC-BU-7700,2026W,,,withdrawn,,7.4,0.58
ENR-00915,STU-0107,MAC-COMP-8890,2026W,3.85,A,completed,4,13.9,0.76
ENR-00916,STU-0108,MAC-COMP-8110,2025W,2.75,B,completed,4,12.5,0.88
ENR-00917,STU-0108,MAC-COMP-8470,2025S,3.74,A,completed,3,13.6,0.72
ENR-00918,STU-0108,MAC-COMP-8220,2025S,3.45,A-,completed,3,11.5,0.68
ENR-00919,STU-0108,MAC-COMP-8250,2025S,3.78,A,completed,4,6.1,0.58
ENR-00920,STU-0108,MAC-COMP-8340,2025S,3.08,B+,completed,5,13.3,0.69
ENR-00921,STU-0108,MAC-COMP-8150,2025F,3.45,A-,completed,4,9.5,0.71
ENR-00922,STU-0108,MAC-BU-7600,2025F,,,in-progress,,13.4,0.71
ENR-00923,STU-0108,MAC-BU-7700,2025F,,,in-progress,,12.5,0.64
ENR-00924,STU-0108,MAC-COMP-8890,2025F,3.13,B+,completed,3,6.4,0.85
ENR-00925,STU-0109,MAC-COMP-8110,2025W,,,withdrawn,,10.2,0.81
ENR-00926,STU-0109,MAC-COMP-8110,2025S,2.63,B-,completed,3,8.6,0.57
ENR-00927,STU-0109,MAC-BU-7700,2025S,2.79,B,completed,4,7.8,0.83
ENR-00928,STU-0109,MAC-BU-7600,2025S,3.90,A+,completed,5,12.9,0.58
ENR-00929,STU-0109,MAC-BU-7500,2025S,3.51,A-,completed,5,12.4,0.79
ENR-00930,STU-0109,MAC-COMP-8340,2025F,,,in-progress,,10.7,0.82
ENR-00931,STU-0109,MAC-COMP-8470,2025F,,,in-progress,,11.6,0.83
ENR-00932,STU-0109,MAC-COMP-8250,2025F,,,in-progress,,9.3,0.57
ENR-00933,STU-0109,MAC-COMP-8890,2025F,,,withdrawn,,9.3,0.72
ENR-00934,STU-0110,MAC-COMP-8110,2025W,,,withdrawn,,11.9,0.57
ENR-00935,STU-0110,MAC-COMP-8110,2025S,3.27,B+,completed,5,8.0,0.50
ENR-00936,STU-0110,MAC-BU-7500,2025S,3.57,A-,completed,5,12.2,0.68
ENR-00937,STU-0110,MAC-BU-7700,2025S,3.42,A-,completed,3,11.2,0.69
ENR-00938,STU-0110,MAC-BU-7600,2025S,3.32,A-,completed,5,12.3,0.60
ENR-00939,STU-0110,MAC-COMP-8250,2025F,3.03,B+,completed,5,12.2,0.93
ENR-00940,STU-0110,MAC-COMP-8470,2025F,,,in-progress,,9.3,0.51
ENR-00941,STU-0110,MAC-COMP-8220,2025F,3.53,A-,completed,5,11.5,0.74
ENR-00942,STU-0110,MAC-COMP-8890,2025F,,,in-progress,,8.8,0.67
ENR-00943,STU-0111,MAC-COMP-8110,2025F,3.00,B+,completed,3,12.2,0.66
ENR-00944,STU-0111,MAC-COMP-8150,2026W,3.53,A-,completed,4,7.3,0.77
ENR-00945,STU-0111,MAC-COMP-8340,2026W,3.82,A,completed,4,10.2,0.94
ENR-00946,STU-0111,MAC-COMP-8220,2026W,2.58,B-,completed,5,13.3,0.63
ENR-00947,STU-0111,MAC-COMP-8250,2026W,3.89,A,completed,3,11.6,0.63
ENR-00948,STU-0111,MAC-COMP-8470,2026S,3.78,A,completed,5,8.9,0.51
ENR-00949,STU-0111,MAC-BU-7700,2026S,,,in-progress,,12.9,0.89
ENR-00950,STU-0111,MAC-BU-7500,2026S,,,in-progress,,13.3,0.55
ENR-00951,STU-0111,MAC-COMP-8890,2026S,,,in-progress,,12.3,0.65
ENR-00952,STU-0112,MAC-COMP-8110,2024F,4.00,A+,completed,5,10.8,0.63
ENR-00953,STU-0112,MAC-COMP-8150,2025W,,,in-progress,,8.3,0.69
ENR-00954,STU-0112,MAC-COMP-8470,2025W,3.02,B+,completed,4,12.2,0.85
ENR-00955,STU-0112,MAC-COMP-8220,2025W,3.67,A-,completed,5,12.2,0.73
ENR-00956,STU-0112,MAC-COMP-8250,2025W,3.46,A-,completed,4,6.6,0.75
ENR-00957,STU-0113,MAC-COMP-8110,2024F,4.00,A+,completed,4,9.4,0.69
ENR-00958,STU-0113,MAC-COMP-8250,2025W,3.39,A-,completed,5,7.1,0.56
ENR-00959,STU-0113,MAC-COMP-8150,2025W,3.60,A-,completed,3,9.2,0.78
ENR-00960,STU-0113,MAC-COMP-8220,2025W,3.35,A-,completed,3,10.2,0.48
ENR-00961,STU-0113,MAC-COMP-8470,2025W,3.43,A-,completed,4,7.4,0.70
ENR-00962,STU-0113,MAC-COMP-8340,2025S,3.14,B+,completed,3,13.4,0.89
ENR-00963,STU-0113,MAC-BU-7700,2025S,,,in-progress,,13.4,0.87
ENR-00964,STU-0113,MAC-BU-7600,2025S,3.17,B+,completed,3,13.9,0.46
ENR-00965,STU-0113,MAC-COMP-8890,2025S,,,withdrawn,,13.8,0.70
ENR-00966,STU-0114,MAC-COMP-8110,2025F,3.59,A-,completed,3,8.5,0.60
ENR-00967,STU-0114,MAC-COMP-8220,2026W,,,in-progress,,9.0,0.82
ENR-00968,STU-0114,MAC-COMP-8150,2026W,3.57,A-,completed,3,12.4,0.80
ENR-00969,STU-0114,MAC-COMP-8470,2026W,,,in-progress,,10.8,0.91
ENR-00970,STU-0114,MAC-COMP-8340,2026W,3.74,A,completed,5,8.4,0.68
ENR-00971,STU-0115,MAC-COMP-8110,2025F,3.29,B+,completed,4,8.1,0.69
ENR-00972,STU-0115,MAC-COMP-8340,2026W,3.70,A,completed,4,6.2,0.77
ENR-00973,STU-0115,MAC-COMP-8150,2026W,3.38,A-,completed,5,10.1,0.54
ENR-00974,STU-0115,MAC-COMP-8220,2026W,3.41,A-,completed,4,8.7,0.76
ENR-00975,STU-0115,MAC-COMP-8470,2026W,3.63,A-,completed,5,8.7,0.69
ENR-00976,STU-0115,MAC-COMP-8250,2026S,,,withdrawn,,8.7,0.77
ENR-00977,STU-0115,MAC-BU-7600,2026S,,,in-progress,,8.7,0.89
ENR-00978,STU-0115,MAC-BU-7500,2026S,,,in-progress,,9.0,0.89
ENR-00979,STU-0115,MAC-COMP-8890,2026S,3.19,B+,completed,5,13.6,0.69
ENR-00980,STU-0116,MAC-COMP-8110,2025W,2.72,B,completed,3,9.4,0.82
ENR-00981,STU-0116,MAC-COMP-8250,2025S,3.23,B+,completed,5,6.9,0.62
ENR-00982,STU-0116,MAC-COMP-8150,2025S,3.87,A,completed,5,8.4,0.49
ENR-00983,STU-0116,MAC-COMP-8340,2025S,2.64,B-,completed,3,11.2,0.52
ENR-00984,STU-0116,MAC-COMP-8220,2025S,2.89,B,completed,4,11.2,0.82
ENR-00985,STU-0116,MAC-COMP-8470,2025F,3.38,A-,completed,4,6.8,0.47
ENR-00986,STU-0116,MAC-BU-7700,2025F,2.95,B,completed,4,6.6,0.56
ENR-00987,STU-0116,MAC-BU-7600,2025F,3.23,B+,completed,4,12.6,0.57
ENR-00988,STU-0116,MAC-BU-7500,2026W,,,in-progress,,9.3,0.66
ENR-00989,STU-0116,MAC-COMP-8720,2026W,,,in-progress,,9.5,0.86
ENR-00990,STU-0116,MAC-COMP-8830,2026W,3.03,B+,completed,5,13.5,0.73
ENR-00991,STU-0116,MAC-COMP-8890,2026W,3.12,B+,completed,3,10.2,0.91
ENR-00992,STU-0117,MAC-COMP-8110,2025F,3.03,B+,completed,3,8.8,0.49
ENR-00993,STU-0117,MAC-COMP-8340,2026W,3.80,A,completed,5,6.9,0.49
ENR-00994,STU-0117,MAC-COMP-8150,2026W,3.19,B+,completed,3,12.3,0.63
ENR-00995,STU-0117,MAC-COMP-8470,2026W,3.03,B+,completed,5,13.2,0.91
ENR-00996,STU-0117,MAC-COMP-8220,2026W,3.30,A-,completed,5,10.7,0.72
ENR-00997,STU-0117,MAC-COMP-8250,2026S,,,in-progress,,6.3,0.74
ENR-00998,STU-0117,MAC-BU-7600,2026S,,,in-progress,,13.0,0.66
ENR-00999,STU-0117,MAC-BU-7500,2026S,3.09,B+,completed,3,8.9,0.89
ENR-01000,STU-0117,MAC-COMP-8890,2026S,,,in-progress,,12.4,0.93
ENR-01001,STU-0118,MAC-COMP-8110,2025F,3.48,A-,completed,5,6.3,0.77
ENR-01002,STU-0118,MAC-COMP-8150,2026W,3.37,A-,completed,3,9.1,0.55
ENR-01003,STU-0118,MAC-COMP-8470,2026W,,,withdrawn,,13.0,0.92
ENR-01004,STU-0118,MAC-COMP-8250,2026W,3.14,B+,completed,3,10.3,0.45
ENR-01005,STU-0118,MAC-COMP-8340,2026W,3.82,A,completed,5,9.0,0.48
ENR-01006,STU-0119,MAC-COMP-8110,2025F,,,withdrawn,,12.8,0.57
ENR-01007,STU-0119,MAC-COMP-8110,2026W,3.64,A-,completed,4,11.0,0.94
ENR-01008,STU-0119,MAC-BU-7600,2026W,3.52,A-,completed,5,11.1,0.46
ENR-01009,STU-0119,MAC-BU-7500,2026W,3.86,A,completed,4,11.3,0.45
ENR-01010,STU-0119,MAC-BU-7700,2026W,3.60,A-,completed,5,7.6,0.58
ENR-01011,STU-0119,MAC-COMP-8220,2026S,2.50,B-,completed,3,9.8,0.52
ENR-01012,STU-0119,MAC-COMP-8340,2026S,3.53,A-,completed,3,12.7,0.57
ENR-01013,STU-0119,MAC-COMP-8250,2026S,3.18,B+,completed,4,13.6,0.81
ENR-01014,STU-0119,MAC-COMP-8470,2026F,3.77,A,completed,5,6.2,0.59
ENR-01015,STU-0119,MAC-COMP-8150,2026F,,,in-progress,,13.1,0.82
ENR-01016,STU-0119,MAC-COMP-8720,2026F,3.21,B+,completed,5,12.8,0.68
ENR-01017,STU-0119,MAC-COMP-8890,2026F,,,in-progress,,10.5,0.60
ENR-01018,STU-0120,MAC-COMP-8110,2024F,3.60,A-,completed,4,10.2,0.73
ENR-01019,STU-0120,MAC-COMP-8220,2025W,3.20,B+,completed,5,6.9,0.88
ENR-01020,STU-0120,MAC-COMP-8250,2025W,3.48,A-,completed,3,8.1,0.60
ENR-01021,STU-0120,MAC-COMP-8150,2025W,3.17,B+,completed,5,13.0,0.76
ENR-01022,STU-0120,MAC-COMP-8470,2025W,3.99,A+,completed,3,12.9,0.58
ENR-01023,STU-0120,MAC-COMP-8340,2025S,3.24,B+,completed,4,6.5,0.68
ENR-01024,STU-0120,MAC-BU-7600,2025S,,,in-progress,,11.6,0.75
ENR-01025,STU-0120,MAC-BU-7700,2025S,4.00,A+,completed,3,12.8,0.69
ENR-01026,STU-0120,MAC-COMP-8890,2025S,2.97,B,completed,4,12.3,0.68
